"UniqueID","linenumber","sentiment"
"Bush 2001",3,6
"Bush 2001",5,1
"Bush 2001",8,3
"Bush 2001",9,3
"Bush 2001",11,2
"Bush 2001",13,3
"Bush 2001",14,4
"Bush 2001",16,3
"Bush 2001",17,6
"Bush 2001",19,-11
"Bush 2001",20,12
"Bush 2001",22,1
"Bush 2001",24,-2
"Bush 2001",25,-1
"Bush 2001",26,2
"Bush 2001",27,-1
"Bush 2001",28,1
"Bush 2001",30,2
"Bush 2001",31,1
"Bush 2001",32,1
"Bush 2001",33,3
"Bush 2001",34,-2
"Bush 2001",37,13
"Bush 2001",38,1
"Bush 2001",39,5
"Bush 2001",42,0
"Bush 2001",43,7
"Bush 2001",44,4
"Bush 2001",47,1
"Bush 2001",49,2
"Bush 2001",56,-3
"Bush 2001",57,-5
"Bush 2001",62,1
"Bush 2001",63,6
"Bush 2001",64,-2
"Bush 2001",65,-5
"Bush 2001",66,1
"Bush 2001",67,2
"Bush 2001",68,2
"Bush 2001",70,1
"Bush 2001",71,2
"Bush 2001",72,2
"Bush 2001",73,4
"Bush 2001",74,-2
"Bush 2001",75,2
"Bush 2001",76,1
"Bush 2001",77,1
"Bush 2001",78,3
"Bush 2001",79,0
"Bush 2001",80,3
"Bush 2001",82,5
"Bush 2001",84,6
"Bush 2001",85,4
"Bush 2001",86,2
"Bush 2001",87,4
"Bush 2001",88,10
"Bush 2001",89,2
"Bush 2001",92,4
"Bush 2001",93,2
"Bush 2001",94,2
"Bush 2001",95,-1
"Bush 2001",96,8
"Bush 2001",97,-3
"Bush 2001",101,10
"Bush 2001",103,4
"Bush 2001",104,-2
"Bush 2001",107,6
"Bush 2001",108,2
"Bush 2001",109,2
"Bush 2001",111,-2
"Bush 2001",113,1
"Bush 2001",114,4
"Bush 2001",115,1
"Bush 2001",118,-2
"Bush 2001",119,2
"Bush 2001",120,2
"Bush 2001",121,-2
"Bush 2001",122,3
"Bush 2001",123,2
"Bush 2001",124,1
"Bush 2001",125,1
"Bush 2001",126,-3
"Bush 2001",127,1
"Bush 2001",128,0
"Bush 2001",129,-2
"Bush 2001",130,-2
"Bush 2001",133,1
"Bush 2001",134,1
"Bush 2001",136,3
"Bush 2001",137,3
"Bush 2001",139,-2
"Bush 2001",140,1
"Bush 2001",148,-1
"Bush 2001",151,3
"Bush 2001",152,1
"Bush 2001",154,1
"Bush 2001",159,3
"Bush 2001",160,-2
"Bush 2001",162,1
"Bush 2001",163,-1
"Bush 2001",168,-2
"Bush 2001",169,2
"Bush 2001",170,0
"Bush 2001",171,1
"Bush 2001",172,2
"Bush 2001",180,-1
"Bush 2001",181,2
"Bush 2001",183,-1
"Bush 2001",185,1
"Bush 2001",187,1
"Bush 2001",188,-3
"Bush 2001",189,1
"Bush 2001",191,-3
"Bush 2001",193,-1
"Bush 2001",197,-1
"Bush 2001",199,1
"Bush 2001",201,-1
"Bush 2001",203,4
"Bush 2001",205,0
"Bush 2001",206,2
"Bush 2001",209,5
"Bush 2001",210,8
"Bush 2001",211,5
"Bush 2001",212,4
"Bush 2001",213,4
"Bush 2001",214,1
"Bush 2001",215,7
"Bush 2001",217,-2
"Bush 2001",220,1
"Bush 2001",221,-3
"Bush 2001",222,-5
"Bush 2001",223,3
"Bush 2001",224,-3
"Bush 2001",225,8
"Bush 2001",226,4
"Bush 2001",227,4
"Bush 2001",228,6
"Bush 2001",229,3
"Bush 2001",230,3
"Bush 2001",231,-2
"Bush 2001",232,-3
"Bush 2001",233,-2
"Bush 2001",235,-1
"Bush 2001",237,-1
"Bush 2001",238,1
"Bush 2001",240,2
"Bush 2001",245,2
"Bush 2001",246,2
"Bush 2001",247,1
"Bush 2001",248,1
"Bush 2001",249,1
"Bush 2001",253,2
"Bush 2001",254,-1
"Bush 2001",255,4
"Bush 2001",256,3
"Bush 2001",257,2
"Bush 2001",258,2
"Bush 2001",259,3
"Bush 2001",260,5
"Bush 2001",261,2
"Bush 2001",263,1
"Bush 2001",264,9
"Bush 2001",268,2
"Bush 2001",271,2
"Bush 2001",272,2
"Bush 2001",273,1
"Bush 2001",274,2
"Bush 2001",276,3
"Bush 2001",278,2
"Bush 2001",279,15
"Bush 2001",281,6
"Bush 2002",3,-4
"Bush 2002",4,2
"Bush 2002",5,-4
"Bush 2002",6,-4
"Bush 2002",10,-3
"Bush 2002",12,2
"Bush 2002",14,1
"Bush 2002",17,6
"Bush 2002",18,4
"Bush 2002",19,-1
"Bush 2002",20,1
"Bush 2002",21,-4
"Bush 2002",22,-3
"Bush 2002",23,1
"Bush 2002",25,-2
"Bush 2002",27,-1
"Bush 2002",29,-1
"Bush 2002",30,-4
"Bush 2002",31,-6
"Bush 2002",33,-5
"Bush 2002",35,-3
"Bush 2002",36,-3
"Bush 2002",38,-2
"Bush 2002",39,0
"Bush 2002",41,5
"Bush 2002",42,2
"Bush 2002",43,-2
"Bush 2002",44,-3
"Bush 2002",45,-1
"Bush 2002",47,2
"Bush 2002",48,-1
"Bush 2002",49,-1
"Bush 2002",50,0
"Bush 2002",52,2
"Bush 2002",53,-5
"Bush 2002",54,-2
"Bush 2002",55,-9
"Bush 2002",56,3
"Bush 2002",57,-5
"Bush 2002",58,1
"Bush 2002",59,-1
"Bush 2002",61,-7
"Bush 2002",62,1
"Bush 2002",63,-1
"Bush 2002",64,-3
"Bush 2002",65,-6
"Bush 2002",67,0
"Bush 2002",68,-6
"Bush 2002",69,-5
"Bush 2002",70,2
"Bush 2002",71,1
"Bush 2002",74,-2
"Bush 2002",75,-4
"Bush 2002",76,-5
"Bush 2002",78,-1
"Bush 2002",79,-2
"Bush 2002",80,-2
"Bush 2002",82,10
"Bush 2002",84,5
"Bush 2002",85,-1
"Bush 2002",86,2
"Bush 2002",87,3
"Bush 2002",88,-3
"Bush 2002",89,1
"Bush 2002",90,-2
"Bush 2002",91,1
"Bush 2002",92,-1
"Bush 2002",93,3
"Bush 2002",94,-1
"Bush 2002",95,0
"Bush 2002",97,1
"Bush 2002",98,1
"Bush 2002",99,2
"Bush 2002",100,-1
"Bush 2002",101,4
"Bush 2002",102,6
"Bush 2002",103,2
"Bush 2002",104,4
"Bush 2002",105,0
"Bush 2002",106,-4
"Bush 2002",107,1
"Bush 2002",110,1
"Bush 2002",112,3
"Bush 2002",113,6
"Bush 2002",114,3
"Bush 2002",115,-4
"Bush 2002",116,1
"Bush 2002",117,-2
"Bush 2002",119,8
"Bush 2002",121,2
"Bush 2002",122,5
"Bush 2002",125,2
"Bush 2002",126,3
"Bush 2002",127,3
"Bush 2002",128,4
"Bush 2002",129,3
"Bush 2002",130,1
"Bush 2002",132,3
"Bush 2002",133,1
"Bush 2002",135,-2
"Bush 2002",136,1
"Bush 2002",137,-2
"Bush 2002",139,3
"Bush 2002",140,2
"Bush 2002",142,2
"Bush 2002",143,3
"Bush 2002",145,-6
"Bush 2002",148,2
"Bush 2002",149,8
"Bush 2002",150,2
"Bush 2002",151,4
"Bush 2002",152,-9
"Bush 2002",153,-5
"Bush 2002",154,6
"Bush 2002",155,0
"Bush 2002",156,9
"Bush 2002",157,-3
"Bush 2002",158,-1
"Bush 2002",160,3
"Bush 2002",161,3
"Bush 2002",165,2
"Bush 2002",166,1
"Bush 2002",168,3
"Bush 2002",169,5
"Bush 2002",170,-1
"Bush 2002",171,2
"Bush 2002",172,-4
"Bush 2002",174,1
"Bush 2002",175,-2
"Bush 2002",176,8
"Bush 2002",177,1
"Bush 2002",178,8
"Bush 2002",179,2
"Bush 2002",180,3
"Bush 2002",181,5
"Bush 2002",182,-3
"Bush 2002",183,-3
"Bush 2002",184,0
"Bush 2002",185,2
"Bush 2002",186,4
"Bush 2002",187,-1
"Bush 2002",188,-1
"Bush 2002",189,1
"Bush 2002",190,3
"Bush 2002",191,-3
"Bush 2002",192,0
"Bush 2002",193,2
"Bush 2002",194,3
"Bush 2002",195,-2
"Bush 2002",196,2
"Bush 2002",200,-3
"Bush 2002",201,-4
"Bush 2002",202,2
"Bush 2002",203,1
"Bush 2002",204,1
"Bush 2002",205,1
"Bush 2002",206,-6
"Bush 2002",207,-1
"Bush 2002",210,2
"Bush 2002",211,2
"Bush 2002",214,1
"Bush 2002",216,3
"Bush 2003",3,1
"Bush 2003",4,3
"Bush 2003",6,1
"Bush 2003",7,-5
"Bush 2003",8,3
"Bush 2003",9,5
"Bush 2003",11,-5
"Bush 2003",12,4
"Bush 2003",13,2
"Bush 2003",15,-1
"Bush 2003",16,-2
"Bush 2003",17,-1
"Bush 2003",18,3
"Bush 2003",19,3
"Bush 2003",20,3
"Bush 2003",21,1
"Bush 2003",22,-6
"Bush 2003",23,1
"Bush 2003",24,-1
"Bush 2003",27,2
"Bush 2003",29,-2
"Bush 2003",34,2
"Bush 2003",35,1
"Bush 2003",36,3
"Bush 2003",37,2
"Bush 2003",38,2
"Bush 2003",39,2
"Bush 2003",40,1
"Bush 2003",41,4
"Bush 2003",43,2
"Bush 2003",44,2
"Bush 2003",46,3
"Bush 2003",48,1
"Bush 2003",49,2
"Bush 2003",51,4
"Bush 2003",52,2
"Bush 2003",53,3
"Bush 2003",54,3
"Bush 2003",56,2
"Bush 2003",57,2
"Bush 2003",58,4
"Bush 2003",59,3
"Bush 2003",60,2
"Bush 2003",61,3
"Bush 2003",62,2
"Bush 2003",64,2
"Bush 2003",65,0
"Bush 2003",66,-2
"Bush 2003",68,3
"Bush 2003",69,5
"Bush 2003",70,0
"Bush 2003",71,-8
"Bush 2003",72,3
"Bush 2003",73,1
"Bush 2003",74,4
"Bush 2003",75,2
"Bush 2003",77,1
"Bush 2003",78,6
"Bush 2003",79,-2
"Bush 2003",80,3
"Bush 2003",81,4
"Bush 2003",82,-4
"Bush 2003",83,6
"Bush 2003",84,2
"Bush 2003",85,3
"Bush 2003",86,2
"Bush 2003",87,-3
"Bush 2003",88,-4
"Bush 2003",89,2
"Bush 2003",92,-2
"Bush 2003",93,-2
"Bush 2003",94,-5
"Bush 2003",95,-2
"Bush 2003",98,4
"Bush 2003",100,1
"Bush 2003",101,4
"Bush 2003",104,1
"Bush 2003",106,2
"Bush 2003",107,1
"Bush 2003",108,2
"Bush 2003",109,-2
"Bush 2003",110,-2
"Bush 2003",111,4
"Bush 2003",112,4
"Bush 2003",114,3
"Bush 2003",120,-4
"Bush 2003",122,-2
"Bush 2003",126,-3
"Bush 2003",128,-1
"Bush 2003",129,1
"Bush 2003",131,5
"Bush 2003",133,-6
"Bush 2003",134,1
"Bush 2003",135,0
"Bush 2003",137,-3
"Bush 2003",138,-5
"Bush 2003",139,-2
"Bush 2003",140,2
"Bush 2003",141,-3
"Bush 2003",142,-1
"Bush 2003",143,-4
"Bush 2003",145,-1
"Bush 2003",146,-2
"Bush 2003",147,-1
"Bush 2003",148,-1
"Bush 2003",151,2
"Bush 2003",152,-3
"Bush 2003",153,1
"Bush 2003",154,-4
"Bush 2003",155,1
"Bush 2003",156,1
"Bush 2003",158,2
"Bush 2003",159,-2
"Bush 2003",161,2
"Bush 2003",162,-4
"Bush 2003",163,1
"Bush 2003",164,-5
"Bush 2003",165,-2
"Bush 2003",166,-9
"Bush 2003",167,-5
"Bush 2003",169,-2
"Bush 2003",171,-1
"Bush 2003",172,-5
"Bush 2003",173,5
"Bush 2003",174,-1
"Bush 2003",175,-2
"Bush 2003",176,3
"Bush 2003",177,1
"Bush 2003",178,2
"Bush 2003",179,2
"Bush 2003",180,1
"Bush 2003",181,1
"Bush 2003",182,-5
"Bush 2003",183,-5
"Bush 2003",184,1
"Bush 2003",186,2
"Bush 2003",187,-2
"Bush 2003",188,-4
"Bush 2003",189,-4
"Bush 2003",190,5
"Bush 2003",191,-4
"Bush 2003",192,3
"Bush 2003",193,-3
"Bush 2003",194,-2
"Bush 2003",196,1
"Bush 2003",198,1
"Bush 2003",199,1
"Bush 2003",200,-6
"Bush 2003",201,-2
"Bush 2003",202,-1
"Bush 2003",204,-1
"Bush 2003",205,3
"Bush 2003",206,-1
"Bush 2003",209,-6
"Bush 2003",211,-2
"Bush 2003",213,-3
"Bush 2003",214,-3
"Bush 2003",216,-3
"Bush 2003",218,-3
"Bush 2003",220,-3
"Bush 2003",221,1
"Bush 2003",222,-2
"Bush 2003",224,-3
"Bush 2003",226,-2
"Bush 2003",228,-3
"Bush 2003",229,0
"Bush 2003",230,1
"Bush 2003",231,2
"Bush 2003",233,-1
"Bush 2003",235,-3
"Bush 2003",236,-1
"Bush 2003",237,-2
"Bush 2003",238,0
"Bush 2003",241,-3
"Bush 2003",242,-2
"Bush 2003",244,-3
"Bush 2003",245,-2
"Bush 2003",246,-2
"Bush 2003",247,1
"Bush 2003",254,-2
"Bush 2003",255,-1
"Bush 2003",256,-2
"Bush 2003",258,-4
"Bush 2003",259,-5
"Bush 2003",260,-11
"Bush 2003",261,-6
"Bush 2003",262,-4
"Bush 2003",265,-1
"Bush 2003",266,1
"Bush 2003",268,-4
"Bush 2003",270,1
"Bush 2003",271,2
"Bush 2003",272,2
"Bush 2003",273,1
"Bush 2003",274,2
"Bush 2003",276,-1
"Bush 2003",277,-8
"Bush 2003",278,-1
"Bush 2003",279,-4
"Bush 2003",280,2
"Bush 2003",281,2
"Bush 2003",282,2
"Bush 2003",283,-1
"Bush 2003",284,-4
"Bush 2003",285,-3
"Bush 2003",286,2
"Bush 2003",288,2
"Bush 2003",289,2
"Bush 2003",290,2
"Bush 2003",292,4
"Bush 2003",294,3
"Bush 2003",295,4
"Bush 2003",296,1
"Bush 2003",297,6
"Bush 2003",299,4
"Bush 2004",2,3
"Bush 2004",3,-5
"Bush 2004",4,1
"Bush 2004",5,-2
"Bush 2004",8,3
"Bush 2004",10,1
"Bush 2004",12,2
"Bush 2004",13,2
"Bush 2004",14,-5
"Bush 2004",16,4
"Bush 2004",17,4
"Bush 2004",18,-1
"Bush 2004",19,-2
"Bush 2004",20,2
"Bush 2004",21,-3
"Bush 2004",23,-2
"Bush 2004",24,-1
"Bush 2004",25,3
"Bush 2004",27,2
"Bush 2004",29,-2
"Bush 2004",30,1
"Bush 2004",32,-2
"Bush 2004",34,-4
"Bush 2004",35,-3
"Bush 2004",36,3
"Bush 2004",37,-1
"Bush 2004",38,-1
"Bush 2004",40,1
"Bush 2004",42,2
"Bush 2004",43,0
"Bush 2004",44,2
"Bush 2004",45,3
"Bush 2004",46,1
"Bush 2004",47,-3
"Bush 2004",48,-2
"Bush 2004",49,-2
"Bush 2004",50,2
"Bush 2004",51,0
"Bush 2004",52,-1
"Bush 2004",54,-3
"Bush 2004",55,-1
"Bush 2004",59,1
"Bush 2004",60,-5
"Bush 2004",61,-1
"Bush 2004",62,0
"Bush 2004",64,4
"Bush 2004",65,3
"Bush 2004",66,2
"Bush 2004",67,-3
"Bush 2004",68,0
"Bush 2004",69,5
"Bush 2004",70,2
"Bush 2004",71,-2
"Bush 2004",73,-1
"Bush 2004",74,1
"Bush 2004",75,-2
"Bush 2004",76,0
"Bush 2004",78,-1
"Bush 2004",82,1
"Bush 2004",83,-2
"Bush 2004",84,0
"Bush 2004",85,0
"Bush 2004",86,-2
"Bush 2004",87,-4
"Bush 2004",88,-6
"Bush 2004",89,1
"Bush 2004",90,2
"Bush 2004",91,-3
"Bush 2004",92,-2
"Bush 2004",93,2
"Bush 2004",94,-2
"Bush 2004",96,-1
"Bush 2004",97,-5
"Bush 2004",98,-4
"Bush 2004",99,-10
"Bush 2004",100,-3
"Bush 2004",101,7
"Bush 2004",102,-2
"Bush 2004",103,-2
"Bush 2004",104,-1
"Bush 2004",105,6
"Bush 2004",108,4
"Bush 2004",109,1
"Bush 2004",110,3
"Bush 2004",111,-7
"Bush 2004",112,5
"Bush 2004",113,-6
"Bush 2004",114,-3
"Bush 2004",115,4
"Bush 2004",116,-2
"Bush 2004",118,1
"Bush 2004",119,4
"Bush 2004",120,5
"Bush 2004",122,-8
"Bush 2004",123,6
"Bush 2004",124,-3
"Bush 2004",126,2
"Bush 2004",129,1
"Bush 2004",130,1
"Bush 2004",133,1
"Bush 2004",135,4
"Bush 2004",136,7
"Bush 2004",140,1
"Bush 2004",144,5
"Bush 2004",145,2
"Bush 2004",146,-2
"Bush 2004",147,1
"Bush 2004",148,-1
"Bush 2004",150,0
"Bush 2004",151,3
"Bush 2004",152,3
"Bush 2004",154,3
"Bush 2004",155,0
"Bush 2004",156,4
"Bush 2004",157,2
"Bush 2004",158,2
"Bush 2004",159,-2
"Bush 2004",162,-2
"Bush 2004",163,-3
"Bush 2004",164,-1
"Bush 2004",165,-2
"Bush 2004",166,1
"Bush 2004",168,1
"Bush 2004",169,1
"Bush 2004",170,1
"Bush 2004",171,4
"Bush 2004",172,2
"Bush 2004",174,1
"Bush 2004",175,3
"Bush 2004",176,-1
"Bush 2004",177,-3
"Bush 2004",178,2
"Bush 2004",180,5
"Bush 2004",181,1
"Bush 2004",182,1
"Bush 2004",183,-1
"Bush 2004",184,2
"Bush 2004",185,6
"Bush 2004",186,3
"Bush 2004",187,3
"Bush 2004",189,6
"Bush 2004",194,-1
"Bush 2004",196,3
"Bush 2004",197,2
"Bush 2004",198,5
"Bush 2004",199,2
"Bush 2004",203,1
"Bush 2004",204,5
"Bush 2004",205,-2
"Bush 2004",206,0
"Bush 2004",207,4
"Bush 2004",208,3
"Bush 2004",209,5
"Bush 2004",211,2
"Bush 2004",212,4
"Bush 2004",213,2
"Bush 2004",214,-3
"Bush 2004",215,-2
"Bush 2004",217,-3
"Bush 2004",218,-6
"Bush 2004",219,2
"Bush 2004",220,2
"Bush 2004",221,1
"Bush 2004",222,3
"Bush 2004",223,2
"Bush 2004",224,0
"Bush 2004",226,1
"Bush 2004",227,-6
"Bush 2004",228,-2
"Bush 2004",229,-1
"Bush 2004",231,-2
"Bush 2004",232,2
"Bush 2004",235,1
"Bush 2004",237,3
"Bush 2004",240,2
"Bush 2004",242,4
"Bush 2004",243,-2
"Bush 2004",244,-1
"Bush 2004",245,2
"Bush 2004",246,1
"Bush 2004",247,-2
"Bush 2004",249,-2
"Bush 2004",250,-4
"Bush 2004",251,-2
"Bush 2004",252,0
"Bush 2004",253,1
"Bush 2004",254,2
"Bush 2004",255,-1
"Bush 2004",256,4
"Bush 2004",257,5
"Bush 2004",259,0
"Bush 2004",260,3
"Bush 2004",263,2
"Bush 2004",265,2
"Bush 2004",268,-1
"Bush 2004",269,5
"Bush 2004",270,3
"Bush 2004",271,4
"Bush 2004",273,2
"Bush 2004",274,4
"Bush 2004",275,2
"Bush 2004",276,3
"Bush 2005",2,4
"Bush 2005",3,2
"Bush 2005",4,2
"Bush 2005",6,11
"Bush 2005",7,2
"Bush 2005",8,-1
"Bush 2005",11,6
"Bush 2005",12,1
"Bush 2005",13,-7
"Bush 2005",14,1
"Bush 2005",15,3
"Bush 2005",17,4
"Bush 2005",20,-1
"Bush 2005",21,3
"Bush 2005",22,1
"Bush 2005",23,2
"Bush 2005",25,1
"Bush 2005",26,2
"Bush 2005",27,1
"Bush 2005",28,5
"Bush 2005",29,2
"Bush 2005",30,3
"Bush 2005",31,10
"Bush 2005",32,5
"Bush 2005",33,3
"Bush 2005",34,7
"Bush 2005",35,2
"Bush 2005",36,4
"Bush 2005",38,2
"Bush 2005",39,1
"Bush 2005",41,-2
"Bush 2005",42,2
"Bush 2005",43,3
"Bush 2005",45,-6
"Bush 2005",46,-1
"Bush 2005",47,5
"Bush 2005",48,10
"Bush 2005",50,5
"Bush 2005",51,2
"Bush 2005",52,2
"Bush 2005",54,-5
"Bush 2005",57,2
"Bush 2005",58,2
"Bush 2005",60,2
"Bush 2005",61,2
"Bush 2005",64,2
"Bush 2005",68,-5
"Bush 2005",69,-1
"Bush 2005",72,-1
"Bush 2005",73,-1
"Bush 2005",74,2
"Bush 2005",75,1
"Bush 2005",76,-1
"Bush 2005",78,4
"Bush 2005",79,2
"Bush 2005",81,2
"Bush 2005",82,4
"Bush 2005",84,1
"Bush 2005",85,4
"Bush 2005",86,2
"Bush 2005",87,3
"Bush 2005",89,-1
"Bush 2005",90,2
"Bush 2005",91,3
"Bush 2005",92,1
"Bush 2005",93,2
"Bush 2005",95,1
"Bush 2005",97,1
"Bush 2005",100,3
"Bush 2005",103,5
"Bush 2005",106,4
"Bush 2005",107,2
"Bush 2005",108,1
"Bush 2005",110,1
"Bush 2005",111,6
"Bush 2005",112,5
"Bush 2005",113,-2
"Bush 2005",115,6
"Bush 2005",116,-4
"Bush 2005",117,3
"Bush 2005",118,5
"Bush 2005",119,2
"Bush 2005",120,1
"Bush 2005",121,2
"Bush 2005",122,2
"Bush 2005",125,1
"Bush 2005",126,3
"Bush 2005",127,-3
"Bush 2005",128,-4
"Bush 2005",129,0
"Bush 2005",130,2
"Bush 2005",131,-3
"Bush 2005",132,2
"Bush 2005",133,6
"Bush 2005",134,-3
"Bush 2005",135,2
"Bush 2005",136,1
"Bush 2005",137,2
"Bush 2005",138,1
"Bush 2005",139,-2
"Bush 2005",141,3
"Bush 2005",142,-2
"Bush 2005",144,-3
"Bush 2005",145,-3
"Bush 2005",146,-5
"Bush 2005",147,0
"Bush 2005",149,2
"Bush 2005",150,1
"Bush 2005",151,-1
"Bush 2005",152,-1
"Bush 2005",153,-2
"Bush 2005",155,0
"Bush 2005",156,-8
"Bush 2005",157,2
"Bush 2005",158,-7
"Bush 2005",159,4
"Bush 2005",160,1
"Bush 2005",161,-2
"Bush 2005",162,0
"Bush 2005",163,1
"Bush 2005",164,4
"Bush 2005",165,3
"Bush 2005",166,2
"Bush 2005",167,-3
"Bush 2005",169,-1
"Bush 2005",170,3
"Bush 2005",171,3
"Bush 2005",172,2
"Bush 2005",173,2
"Bush 2005",175,7
"Bush 2005",176,1
"Bush 2005",177,1
"Bush 2005",178,1
"Bush 2005",179,-1
"Bush 2005",180,0
"Bush 2005",182,6
"Bush 2005",183,-5
"Bush 2005",185,-2
"Bush 2005",187,1
"Bush 2005",188,-2
"Bush 2005",189,-7
"Bush 2005",191,2
"Bush 2005",193,2
"Bush 2005",199,2
"Bush 2005",200,-1
"Bush 2005",201,-2
"Bush 2005",202,0
"Bush 2005",204,3
"Bush 2005",205,-4
"Bush 2005",206,2
"Bush 2005",208,5
"Bush 2005",209,6
"Bush 2005",210,4
"Bush 2005",211,-2
"Bush 2005",212,2
"Bush 2005",213,4
"Bush 2005",215,2
"Bush 2005",216,2
"Bush 2005",217,1
"Bush 2005",218,2
"Bush 2005",219,7
"Bush 2005",220,2
"Bush 2005",221,4
"Bush 2005",222,-1
"Bush 2005",223,2
"Bush 2005",224,1
"Bush 2005",226,1
"Bush 2005",227,7
"Bush 2005",230,-2
"Bush 2005",232,3
"Bush 2005",233,11
"Bush 2005",234,1
"Bush 2005",235,1
"Bush 2005",236,0
"Bush 2005",237,1
"Bush 2005",238,3
"Bush 2005",239,3
"Bush 2005",240,2
"Bush 2005",241,3
"Bush 2006",3,5
"Bush 2006",4,11
"Bush 2006",6,-2
"Bush 2006",7,2
"Bush 2006",9,-3
"Bush 2006",10,7
"Bush 2006",11,4
"Bush 2006",12,1
"Bush 2006",13,1
"Bush 2006",14,2
"Bush 2006",15,-1
"Bush 2006",16,5
"Bush 2006",17,1
"Bush 2006",18,1
"Bush 2006",21,-11
"Bush 2006",22,-3
"Bush 2006",23,-1
"Bush 2006",24,4
"Bush 2006",25,4
"Bush 2006",26,-2
"Bush 2006",28,2
"Bush 2006",30,4
"Bush 2006",31,-1
"Bush 2006",32,-2
"Bush 2006",33,-2
"Bush 2006",34,-5
"Bush 2006",35,0
"Bush 2006",36,-1
"Bush 2006",37,-3
"Bush 2006",38,4
"Bush 2006",40,-4
"Bush 2006",42,2
"Bush 2006",43,2
"Bush 2006",44,-5
"Bush 2006",45,1
"Bush 2006",46,-3
"Bush 2006",47,1
"Bush 2006",48,-3
"Bush 2006",49,-3
"Bush 2006",51,-1
"Bush 2006",52,1
"Bush 2006",53,2
"Bush 2006",54,5
"Bush 2006",55,-1
"Bush 2006",56,6
"Bush 2006",57,-3
"Bush 2006",58,1
"Bush 2006",60,-1
"Bush 2006",61,7
"Bush 2006",62,7
"Bush 2006",64,2
"Bush 2006",68,0
"Bush 2006",69,4
"Bush 2006",70,0
"Bush 2006",73,-9
"Bush 2006",74,-2
"Bush 2006",75,0
"Bush 2006",76,-5
"Bush 2006",78,-3
"Bush 2006",80,5
"Bush 2006",81,0
"Bush 2006",83,6
"Bush 2006",86,1
"Bush 2006",87,3
"Bush 2006",88,3
"Bush 2006",89,-3
"Bush 2006",90,5
"Bush 2006",91,3
"Bush 2006",93,2
"Bush 2006",94,5
"Bush 2006",95,1
"Bush 2006",98,2
"Bush 2006",99,2
"Bush 2006",101,2
"Bush 2006",102,-2
"Bush 2006",104,6
"Bush 2006",105,3
"Bush 2006",106,2
"Bush 2006",107,-3
"Bush 2006",108,0
"Bush 2006",109,-7
"Bush 2006",110,2
"Bush 2006",111,1
"Bush 2006",112,-5
"Bush 2006",113,1
"Bush 2006",115,-5
"Bush 2006",116,5
"Bush 2006",117,2
"Bush 2006",118,-4
"Bush 2006",119,-6
"Bush 2006",120,1
"Bush 2006",122,-1
"Bush 2006",123,4
"Bush 2006",125,-2
"Bush 2006",128,-1
"Bush 2006",129,3
"Bush 2006",130,-2
"Bush 2006",132,2
"Bush 2006",133,-2
"Bush 2006",135,5
"Bush 2006",136,7
"Bush 2006",137,3
"Bush 2006",139,-2
"Bush 2006",140,-2
"Bush 2006",143,-2
"Bush 2006",145,-3
"Bush 2006",146,-1
"Bush 2006",147,2
"Bush 2006",148,-2
"Bush 2006",149,3
"Bush 2006",150,2
"Bush 2006",152,2
"Bush 2006",154,1
"Bush 2006",155,-1
"Bush 2006",156,5
"Bush 2006",157,1
"Bush 2006",158,-1
"Bush 2006",159,-1
"Bush 2006",160,4
"Bush 2006",161,-2
"Bush 2006",162,-2
"Bush 2006",163,2
"Bush 2006",164,-1
"Bush 2006",167,-1
"Bush 2006",168,0
"Bush 2006",169,-5
"Bush 2006",170,1
"Bush 2006",171,1
"Bush 2006",172,-1
"Bush 2006",173,2
"Bush 2006",176,3
"Bush 2006",177,2
"Bush 2006",178,2
"Bush 2006",179,-3
"Bush 2006",180,4
"Bush 2006",181,0
"Bush 2006",182,4
"Bush 2006",183,-2
"Bush 2006",184,5
"Bush 2006",185,-6
"Bush 2006",186,1
"Bush 2006",187,2
"Bush 2006",188,-4
"Bush 2006",190,2
"Bush 2006",192,4
"Bush 2006",193,1
"Bush 2006",195,2
"Bush 2006",196,-1
"Bush 2006",197,4
"Bush 2006",198,4
"Bush 2006",199,2
"Bush 2006",200,4
"Bush 2006",201,6
"Bush 2006",203,3
"Bush 2006",204,2
"Bush 2006",205,4
"Bush 2006",206,2
"Bush 2006",207,6
"Bush 2006",208,5
"Bush 2006",209,3
"Bush 2006",210,4
"Bush 2006",211,2
"Bush 2006",212,1
"Bush 2006",213,2
"Bush 2006",214,5
"Bush 2006",216,4
"Bush 2006",217,2
"Bush 2006",218,-9
"Bush 2006",221,-1
"Bush 2006",222,2
"Bush 2006",224,2
"Bush 2006",225,2
"Bush 2006",227,-4
"Bush 2006",228,-3
"Bush 2006",229,-2
"Bush 2006",231,-2
"Bush 2006",232,4
"Bush 2006",233,9
"Bush 2006",237,9
"Bush 2006",238,3
"Bush 2006",239,-3
"Bush 2006",240,3
"Bush 2006",241,3
"Bush 2006",242,4
"Bush 2006",243,2
"Bush 2006",244,-2
"Bush 2006",245,3
"Bush 2006",246,3
"Bush 2006",247,2
"Bush 2006",248,3
"Bush 2006",249,3
"Bush 2006",250,-2
"Bush 2006",251,1
"Bush 2006",252,2
"Bush 2006",255,-1
"Bush 2006",256,2
"Bush 2006",257,7
"Bush 2006",258,0
"Bush 2006",261,1
"Bush 2006",263,2
"Bush 2006",264,3
"Bush 2006",266,5
"Bush 2006",267,0
"Bush 2006",268,-1
"Bush 2006",269,2
"Bush 2006",271,2
"Bush 2006",272,2
"Bush 2006",276,7
"Bush 2006",277,3
"Bush 2007",2,2
"Bush 2007",5,2
"Bush 2007",6,1
"Bush 2007",7,1
"Bush 2007",10,-1
"Bush 2007",11,2
"Bush 2007",13,3
"Bush 2007",14,0
"Bush 2007",16,1
"Bush 2007",17,2
"Bush 2007",18,4
"Bush 2007",19,5
"Bush 2007",20,2
"Bush 2007",21,-2
"Bush 2007",28,-3
"Bush 2007",30,-2
"Bush 2007",31,2
"Bush 2007",33,1
"Bush 2007",34,1
"Bush 2007",36,-3
"Bush 2007",40,-2
"Bush 2007",41,1
"Bush 2007",43,-2
"Bush 2007",44,-2
"Bush 2007",45,2
"Bush 2007",47,8
"Bush 2007",48,4
"Bush 2007",51,2
"Bush 2007",52,-6
"Bush 2007",53,-1
"Bush 2007",54,5
"Bush 2007",55,3
"Bush 2007",56,6
"Bush 2007",57,2
"Bush 2007",61,-1
"Bush 2007",62,-1
"Bush 2007",63,2
"Bush 2007",65,1
"Bush 2007",66,1
"Bush 2007",67,2
"Bush 2007",68,2
"Bush 2007",69,-4
"Bush 2007",70,1
"Bush 2007",71,1
"Bush 2007",73,1
"Bush 2007",75,-2
"Bush 2007",76,2
"Bush 2007",77,2
"Bush 2007",78,2
"Bush 2007",79,10
"Bush 2007",80,-3
"Bush 2007",81,2
"Bush 2007",82,1
"Bush 2007",83,1
"Bush 2007",84,-3
"Bush 2007",85,-2
"Bush 2007",86,5
"Bush 2007",87,-3
"Bush 2007",89,2
"Bush 2007",90,8
"Bush 2007",92,-4
"Bush 2007",93,1
"Bush 2007",95,8
"Bush 2007",96,3
"Bush 2007",98,7
"Bush 2007",99,1
"Bush 2007",100,4
"Bush 2007",101,1
"Bush 2007",102,-1
"Bush 2007",103,1
"Bush 2007",105,2
"Bush 2007",107,-3
"Bush 2007",109,-1
"Bush 2007",110,8
"Bush 2007",111,-1
"Bush 2007",112,2
"Bush 2007",113,3
"Bush 2007",114,-1
"Bush 2007",115,-2
"Bush 2007",118,-1
"Bush 2007",119,-2
"Bush 2007",120,6
"Bush 2007",121,-4
"Bush 2007",122,1
"Bush 2007",123,2
"Bush 2007",125,0
"Bush 2007",126,-2
"Bush 2007",127,-1
"Bush 2007",128,-4
"Bush 2007",129,-1
"Bush 2007",131,1
"Bush 2007",132,0
"Bush 2007",133,3
"Bush 2007",134,-2
"Bush 2007",135,1
"Bush 2007",136,-2
"Bush 2007",137,-2
"Bush 2007",139,0
"Bush 2007",140,-2
"Bush 2007",141,0
"Bush 2007",142,-6
"Bush 2007",143,-2
"Bush 2007",144,-5
"Bush 2007",145,-2
"Bush 2007",147,-1
"Bush 2007",149,-4
"Bush 2007",150,-2
"Bush 2007",151,-10
"Bush 2007",152,-1
"Bush 2007",154,-1
"Bush 2007",155,-5
"Bush 2007",157,-2
"Bush 2007",158,4
"Bush 2007",159,0
"Bush 2007",160,5
"Bush 2007",161,5
"Bush 2007",163,1
"Bush 2007",165,1
"Bush 2007",168,1
"Bush 2007",169,-3
"Bush 2007",170,2
"Bush 2007",171,-2
"Bush 2007",174,-1
"Bush 2007",175,0
"Bush 2007",176,-4
"Bush 2007",177,-2
"Bush 2007",178,2
"Bush 2007",179,-4
"Bush 2007",180,-1
"Bush 2007",181,2
"Bush 2007",182,-1
"Bush 2007",183,-5
"Bush 2007",184,-2
"Bush 2007",187,3
"Bush 2007",188,0
"Bush 2007",189,3
"Bush 2007",190,3
"Bush 2007",191,2
"Bush 2007",192,2
"Bush 2007",193,3
"Bush 2007",194,-3
"Bush 2007",195,5
"Bush 2007",196,5
"Bush 2007",197,2
"Bush 2007",199,4
"Bush 2007",200,-3
"Bush 2007",201,2
"Bush 2007",202,1
"Bush 2007",203,-7
"Bush 2007",204,-2
"Bush 2007",205,2
"Bush 2007",206,-2
"Bush 2007",207,-2
"Bush 2007",208,0
"Bush 2007",209,1
"Bush 2007",212,1
"Bush 2007",213,-2
"Bush 2007",214,2
"Bush 2007",215,2
"Bush 2007",216,-8
"Bush 2007",217,5
"Bush 2007",219,-5
"Bush 2007",220,0
"Bush 2007",221,-1
"Bush 2007",223,2
"Bush 2007",226,0
"Bush 2007",227,0
"Bush 2007",228,-2
"Bush 2007",229,0
"Bush 2007",230,1
"Bush 2007",231,3
"Bush 2007",232,1
"Bush 2007",233,4
"Bush 2007",235,1
"Bush 2007",236,4
"Bush 2007",237,-1
"Bush 2007",239,-3
"Bush 2007",240,-1
"Bush 2007",241,-2
"Bush 2007",242,-2
"Bush 2007",243,-1
"Bush 2007",244,1
"Bush 2007",245,2
"Bush 2007",247,10
"Bush 2007",248,1
"Bush 2007",249,2
"Bush 2007",251,2
"Bush 2007",253,9
"Bush 2007",254,3
"Bush 2007",255,4
"Bush 2007",259,5
"Bush 2007",260,-1
"Bush 2007",261,2
"Bush 2007",262,1
"Bush 2007",263,5
"Bush 2007",266,2
"Bush 2007",268,3
"Bush 2007",269,6
"Bush 2007",270,1
"Bush 2007",271,-4
"Bush 2007",272,-2
"Bush 2007",273,1
"Bush 2007",274,-3
"Bush 2007",275,-3
"Bush 2007",276,5
"Bush 2007",278,3
"Bush 2007",283,4
"Bush 2007",284,3
"Bush 2008",4,-1
"Bush 2008",5,2
"Bush 2008",12,2
"Bush 2008",14,7
"Bush 2008",16,3
"Bush 2008",19,6
"Bush 2008",20,4
"Bush 2008",22,2
"Bush 2008",26,4
"Bush 2008",27,2
"Bush 2008",28,6
"Bush 2008",30,-3
"Bush 2008",31,5
"Bush 2008",34,1
"Bush 2008",36,2
"Bush 2008",38,4
"Bush 2008",40,-3
"Bush 2008",42,1
"Bush 2008",43,2
"Bush 2008",44,1
"Bush 2008",47,0
"Bush 2008",48,-1
"Bush 2008",49,-1
"Bush 2008",51,-1
"Bush 2008",52,-1
"Bush 2008",53,2
"Bush 2008",54,3
"Bush 2008",55,1
"Bush 2008",56,-1
"Bush 2008",58,1
"Bush 2008",59,-1
"Bush 2008",60,3
"Bush 2008",61,3
"Bush 2008",63,-1
"Bush 2008",64,1
"Bush 2008",65,0
"Bush 2008",66,3
"Bush 2008",67,2
"Bush 2008",68,3
"Bush 2008",69,-2
"Bush 2008",73,-1
"Bush 2008",75,5
"Bush 2008",77,5
"Bush 2008",78,-2
"Bush 2008",79,2
"Bush 2008",80,3
"Bush 2008",81,1
"Bush 2008",82,2
"Bush 2008",83,-5
"Bush 2008",84,1
"Bush 2008",85,4
"Bush 2008",87,7
"Bush 2008",88,3
"Bush 2008",89,4
"Bush 2008",91,1
"Bush 2008",94,5
"Bush 2008",95,2
"Bush 2008",96,-5
"Bush 2008",97,-1
"Bush 2008",98,1
"Bush 2008",100,-3
"Bush 2008",102,5
"Bush 2008",107,2
"Bush 2008",108,1
"Bush 2008",109,7
"Bush 2008",110,2
"Bush 2008",111,4
"Bush 2008",112,4
"Bush 2008",113,2
"Bush 2008",114,3
"Bush 2008",115,1
"Bush 2008",117,3
"Bush 2008",118,5
"Bush 2008",119,2
"Bush 2008",120,0
"Bush 2008",121,2
"Bush 2008",122,1
"Bush 2008",123,-2
"Bush 2008",124,4
"Bush 2008",126,-1
"Bush 2008",127,2
"Bush 2008",128,4
"Bush 2008",129,3
"Bush 2008",132,2
"Bush 2008",133,3
"Bush 2008",135,2
"Bush 2008",136,2
"Bush 2008",137,7
"Bush 2008",138,-2
"Bush 2008",139,1
"Bush 2008",140,1
"Bush 2008",142,3
"Bush 2008",143,-1
"Bush 2008",144,2
"Bush 2008",145,-3
"Bush 2008",146,2
"Bush 2008",147,4
"Bush 2008",148,-3
"Bush 2008",150,-1
"Bush 2008",151,2
"Bush 2008",153,-1
"Bush 2008",154,8
"Bush 2008",156,3
"Bush 2008",157,-1
"Bush 2008",159,8
"Bush 2008",160,2
"Bush 2008",162,3
"Bush 2008",164,1
"Bush 2008",165,-7
"Bush 2008",166,-1
"Bush 2008",167,-1
"Bush 2008",168,-2
"Bush 2008",169,2
"Bush 2008",170,-11
"Bush 2008",171,-2
"Bush 2008",172,6
"Bush 2008",173,4
"Bush 2008",174,5
"Bush 2008",175,-1
"Bush 2008",176,1
"Bush 2008",177,0
"Bush 2008",178,-4
"Bush 2008",180,1
"Bush 2008",181,-3
"Bush 2008",183,-5
"Bush 2008",184,-1
"Bush 2008",185,3
"Bush 2008",186,2
"Bush 2008",187,1
"Bush 2008",188,1
"Bush 2008",192,-2
"Bush 2008",193,-3
"Bush 2008",194,-1
"Bush 2008",195,-2
"Bush 2008",196,-3
"Bush 2008",198,1
"Bush 2008",199,1
"Bush 2008",201,-3
"Bush 2008",202,2
"Bush 2008",203,-3
"Bush 2008",204,-4
"Bush 2008",206,4
"Bush 2008",207,2
"Bush 2008",210,5
"Bush 2008",211,2
"Bush 2008",212,-1
"Bush 2008",213,2
"Bush 2008",214,-3
"Bush 2008",215,-2
"Bush 2008",216,2
"Bush 2008",218,-1
"Bush 2008",222,-7
"Bush 2008",224,2
"Bush 2008",226,4
"Bush 2008",231,-5
"Bush 2008",232,1
"Bush 2008",233,0
"Bush 2008",234,1
"Bush 2008",235,-2
"Bush 2008",236,-1
"Bush 2008",237,-1
"Bush 2008",238,3
"Bush 2008",240,-4
"Bush 2008",241,0
"Bush 2008",242,2
"Bush 2008",243,-1
"Bush 2008",244,2
"Bush 2008",245,3
"Bush 2008",246,2
"Bush 2008",248,3
"Bush 2008",249,2
"Bush 2008",250,3
"Bush 2008",252,1
"Bush 2008",254,2
"Bush 2008",255,0
"Bush 2008",256,0
"Bush 2008",257,-1
"Bush 2008",258,3
"Bush 2008",259,-1
"Bush 2008",260,2
"Bush 2008",261,-3
"Bush 2008",262,-2
"Bush 2008",263,1
"Bush 2008",264,3
"Bush 2008",265,1
"Bush 2008",266,4
"Bush 2008",267,1
"Bush 2008",270,1
"Bush 2008",271,1
"Bush 2008",275,5
"Bush 2008",276,-3
"Bush 2008",277,4
"Bush 2008",278,1
"Bush 2008",280,4
"Bush 2008",281,0
"Bush 2008",282,-1
"Bush 2008",283,4
"Bush 2008",284,-3
"Bush 2008",285,1
"Bush 2008",286,4
"Bush 2008",287,-1
"Bush 2008",288,-1
"Bush 2008",289,-2
"Bush 2008",290,2
"Bush 2008",291,2
"Bush 2008",292,2
"Bush 2008",293,7
"Bush 2008",294,5
"Bush 2008",295,1
"Bush 2008",296,-1
"Bush 2008",297,9
"Bush 2008",299,1
"Bush 2008",301,5
"Bush 2008",302,2
"Bush 2008",303,7
"Bush 2008",305,2
"Bush 2008",306,5
"Bush 2008",307,4
"Bush 2008",308,5
"Bush 2008",309,3
"Bush 2008",310,3
"Obama 2009",2,4
"Obama 2009",4,-3
"Obama 2009",5,-3
"Obama 2009",6,-3
"Obama 2009",7,-2
"Obama 2009",8,-2
"Obama 2009",9,3
"Obama 2009",10,-3
"Obama 2009",11,-1
"Obama 2009",13,5
"Obama 2009",14,2
"Obama 2009",15,1
"Obama 2009",16,-2
"Obama 2009",17,-4
"Obama 2009",19,2
"Obama 2009",21,-2
"Obama 2009",22,0
"Obama 2009",23,6
"Obama 2009",24,2
"Obama 2009",25,-3
"Obama 2009",26,-1
"Obama 2009",28,4
"Obama 2009",29,-1
"Obama 2009",32,-2
"Obama 2009",33,-4
"Obama 2009",34,-7
"Obama 2009",36,6
"Obama 2009",37,2
"Obama 2009",39,0
"Obama 2009",40,-1
"Obama 2009",41,-2
"Obama 2009",42,-6
"Obama 2009",43,-4
"Obama 2009",44,3
"Obama 2009",48,-2
"Obama 2009",50,-7
"Obama 2009",54,-1
"Obama 2009",56,3
"Obama 2009",58,-2
"Obama 2009",60,2
"Obama 2009",61,-1
"Obama 2009",62,-6
"Obama 2009",63,-2
"Obama 2009",64,-1
"Obama 2009",65,-2
"Obama 2009",66,2
"Obama 2009",69,-1
"Obama 2009",70,3
"Obama 2009",71,2
"Obama 2009",72,2
"Obama 2009",73,6
"Obama 2009",74,-2
"Obama 2009",75,-4
"Obama 2009",77,-1
"Obama 2009",79,1
"Obama 2009",80,4
"Obama 2009",81,-14
"Obama 2009",82,-2
"Obama 2009",83,-4
"Obama 2009",85,-3
"Obama 2009",86,1
"Obama 2009",87,-6
"Obama 2009",88,-1
"Obama 2009",90,3
"Obama 2009",92,4
"Obama 2009",93,6
"Obama 2009",98,2
"Obama 2009",99,2
"Obama 2009",100,-1
"Obama 2009",101,-2
"Obama 2009",102,-2
"Obama 2009",103,2
"Obama 2009",104,5
"Obama 2009",105,0
"Obama 2009",110,1
"Obama 2009",111,-1
"Obama 2009",112,-9
"Obama 2009",113,2
"Obama 2009",115,-1
"Obama 2009",116,-1
"Obama 2009",118,3
"Obama 2009",119,-2
"Obama 2009",120,1
"Obama 2009",121,-2
"Obama 2009",122,0
"Obama 2009",125,1
"Obama 2009",126,1
"Obama 2009",128,2
"Obama 2009",129,1
"Obama 2009",130,-2
"Obama 2009",132,1
"Obama 2009",137,2
"Obama 2009",138,7
"Obama 2009",141,6
"Obama 2009",142,-5
"Obama 2009",143,-2
"Obama 2009",144,5
"Obama 2009",147,1
"Obama 2009",149,1
"Obama 2009",151,1
"Obama 2009",155,-3
"Obama 2009",157,1
"Obama 2009",158,2
"Obama 2009",161,2
"Obama 2009",162,1
"Obama 2009",163,1
"Obama 2009",164,-1
"Obama 2009",165,4
"Obama 2009",167,8
"Obama 2009",168,2
"Obama 2009",169,0
"Obama 2009",170,2
"Obama 2009",171,-1
"Obama 2009",172,-1
"Obama 2009",173,2
"Obama 2009",174,1
"Obama 2009",175,0
"Obama 2009",176,5
"Obama 2009",177,1
"Obama 2009",181,3
"Obama 2009",182,1
"Obama 2009",184,2
"Obama 2009",186,0
"Obama 2009",188,4
"Obama 2009",189,7
"Obama 2009",192,1
"Obama 2009",197,4
"Obama 2009",202,2
"Obama 2009",203,3
"Obama 2009",208,-2
"Obama 2009",210,3
"Obama 2009",212,-4
"Obama 2009",214,5
"Obama 2009",215,-3
"Obama 2009",216,-2
"Obama 2009",220,-4
"Obama 2009",221,-8
"Obama 2009",222,1
"Obama 2009",223,0
"Obama 2009",224,4
"Obama 2009",226,-2
"Obama 2009",228,1
"Obama 2009",229,6
"Obama 2009",230,1
"Obama 2009",231,-1
"Obama 2009",234,-2
"Obama 2009",235,-1
"Obama 2009",236,5
"Obama 2009",237,2
"Obama 2009",240,5
"Obama 2009",241,1
"Obama 2009",242,4
"Obama 2009",243,5
"Obama 2009",244,2
"Obama 2009",245,2
"Obama 2009",246,-3
"Obama 2009",247,2
"Obama 2009",249,-2
"Obama 2009",250,-3
"Obama 2009",251,1
"Obama 2009",252,6
"Obama 2009",253,-2
"Obama 2009",254,-2
"Obama 2009",255,4
"Obama 2009",258,3
"Obama 2009",259,3
"Obama 2009",260,-2
"Obama 2009",261,5
"Obama 2009",265,-1
"Obama 2009",266,-5
"Obama 2009",267,2
"Obama 2009",268,-2
"Obama 2009",269,-2
"Obama 2009",274,1
"Obama 2009",275,1
"Obama 2009",276,4
"Obama 2009",279,1
"Obama 2009",285,-2
"Obama 2009",287,7
"Obama 2010",2,2
"Obama 2010",3,2
"Obama 2010",4,2
"Obama 2010",5,-1
"Obama 2010",6,-5
"Obama 2010",7,4
"Obama 2010",11,-8
"Obama 2010",12,-2
"Obama 2010",14,-3
"Obama 2010",19,-1
"Obama 2010",20,-1
"Obama 2010",21,-4
"Obama 2010",24,-2
"Obama 2010",25,-2
"Obama 2010",29,-5
"Obama 2010",30,-3
"Obama 2010",31,-2
"Obama 2010",34,0
"Obama 2010",35,2
"Obama 2010",37,5
"Obama 2010",38,1
"Obama 2010",39,-1
"Obama 2010",40,-1
"Obama 2010",41,2
"Obama 2010",42,2
"Obama 2010",43,11
"Obama 2010",44,2
"Obama 2010",47,-1
"Obama 2010",48,2
"Obama 2010",49,1
"Obama 2010",51,-4
"Obama 2010",52,1
"Obama 2010",53,-4
"Obama 2010",54,-3
"Obama 2010",55,-6
"Obama 2010",56,3
"Obama 2010",57,4
"Obama 2010",58,-2
"Obama 2010",60,-3
"Obama 2010",61,4
"Obama 2010",65,1
"Obama 2010",66,2
"Obama 2010",67,3
"Obama 2010",68,0
"Obama 2010",69,-1
"Obama 2010",70,-1
"Obama 2010",71,-1
"Obama 2010",72,-1
"Obama 2010",73,1
"Obama 2010",74,-1
"Obama 2010",75,4
"Obama 2010",79,2
"Obama 2010",83,-1
"Obama 2010",85,-1
"Obama 2010",88,-2
"Obama 2010",91,-1
"Obama 2010",92,2
"Obama 2010",94,-1
"Obama 2010",96,2
"Obama 2010",97,3
"Obama 2010",98,1
"Obama 2010",99,3
"Obama 2010",100,-2
"Obama 2010",102,-1
"Obama 2010",105,2
"Obama 2010",108,2
"Obama 2010",111,6
"Obama 2010",112,1
"Obama 2010",117,-2
"Obama 2010",119,-1
"Obama 2010",120,-3
"Obama 2010",121,0
"Obama 2010",122,0
"Obama 2010",123,0
"Obama 2010",127,-5
"Obama 2010",135,2
"Obama 2010",136,2
"Obama 2010",137,-5
"Obama 2010",139,2
"Obama 2010",140,2
"Obama 2010",141,4
"Obama 2010",145,-4
"Obama 2010",146,-3
"Obama 2010",147,3
"Obama 2010",150,3
"Obama 2010",151,-2
"Obama 2010",152,1
"Obama 2010",153,5
"Obama 2010",154,2
"Obama 2010",155,3
"Obama 2010",157,3
"Obama 2010",158,6
"Obama 2010",159,3
"Obama 2010",160,2
"Obama 2010",163,3
"Obama 2010",165,2
"Obama 2010",166,3
"Obama 2010",167,1
"Obama 2010",169,2
"Obama 2010",170,2
"Obama 2010",171,3
"Obama 2010",173,1
"Obama 2010",174,4
"Obama 2010",175,-2
"Obama 2010",177,2
"Obama 2010",178,1
"Obama 2010",179,3
"Obama 2010",182,2
"Obama 2010",183,-3
"Obama 2010",184,-2
"Obama 2010",185,-2
"Obama 2010",187,2
"Obama 2010",189,2
"Obama 2010",191,-1
"Obama 2010",193,1
"Obama 2010",195,5
"Obama 2010",196,-4
"Obama 2010",198,-2
"Obama 2010",199,6
"Obama 2010",200,2
"Obama 2010",202,2
"Obama 2010",203,-2
"Obama 2010",206,-2
"Obama 2010",207,-2
"Obama 2010",208,-1
"Obama 2010",209,-2
"Obama 2010",210,-2
"Obama 2010",211,-3
"Obama 2010",213,-2
"Obama 2010",215,0
"Obama 2010",216,-1
"Obama 2010",218,1
"Obama 2010",219,4
"Obama 2010",220,-4
"Obama 2010",223,2
"Obama 2010",230,0
"Obama 2010",231,0
"Obama 2010",232,1
"Obama 2010",234,-2
"Obama 2010",235,-1
"Obama 2010",236,0
"Obama 2010",238,2
"Obama 2010",239,-2
"Obama 2010",240,-3
"Obama 2010",241,-3
"Obama 2010",243,1
"Obama 2010",246,1
"Obama 2010",247,1
"Obama 2010",248,-1
"Obama 2010",254,0
"Obama 2010",255,-1
"Obama 2010",257,-2
"Obama 2010",260,-2
"Obama 2010",261,1
"Obama 2010",262,-5
"Obama 2010",263,1
"Obama 2010",264,-4
"Obama 2010",265,3
"Obama 2010",267,-3
"Obama 2010",268,2
"Obama 2010",269,-2
"Obama 2010",270,-3
"Obama 2010",273,-4
"Obama 2010",274,-2
"Obama 2010",277,-2
"Obama 2010",278,-1
"Obama 2010",282,-2
"Obama 2010",283,-1
"Obama 2010",285,-1
"Obama 2010",286,1
"Obama 2010",287,0
"Obama 2010",289,0
"Obama 2010",291,3
"Obama 2010",295,-2
"Obama 2010",296,2
"Obama 2010",301,-2
"Obama 2010",302,2
"Obama 2010",303,-1
"Obama 2010",305,2
"Obama 2010",306,1
"Obama 2010",307,-6
"Obama 2010",310,1
"Obama 2010",312,-1
"Obama 2010",314,3
"Obama 2010",320,1
"Obama 2010",321,-2
"Obama 2010",322,0
"Obama 2010",323,3
"Obama 2010",324,1
"Obama 2010",326,-1
"Obama 2010",327,-1
"Obama 2010",329,-2
"Obama 2010",330,-1
"Obama 2010",331,-5
"Obama 2010",332,-2
"Obama 2010",333,-3
"Obama 2010",335,7
"Obama 2010",336,1
"Obama 2010",337,1
"Obama 2010",338,-1
"Obama 2010",339,-1
"Obama 2010",340,-1
"Obama 2010",341,5
"Obama 2010",342,-4
"Obama 2010",343,2
"Obama 2010",344,0
"Obama 2010",345,1
"Obama 2010",347,4
"Obama 2010",348,-2
"Obama 2010",349,1
"Obama 2010",351,3
"Obama 2010",352,-1
"Obama 2010",353,0
"Obama 2010",354,3
"Obama 2010",355,0
"Obama 2010",356,-1
"Obama 2010",357,1
"Obama 2010",360,2
"Obama 2010",361,-1
"Obama 2010",362,1
"Obama 2010",363,2
"Obama 2010",367,0
"Obama 2010",368,2
"Obama 2010",369,5
"Obama 2010",370,2
"Obama 2010",371,3
"Obama 2010",372,1
"Obama 2010",374,0
"Obama 2010",375,1
"Obama 2010",377,-2
"Obama 2010",378,2
"Obama 2010",382,3
"Obama 2010",384,-2
"Obama 2010",385,4
"Obama 2010",386,-4
"Obama 2010",387,1
"Obama 2010",388,0
"Obama 2010",389,-2
"Obama 2010",390,-2
"Obama 2010",391,1
"Obama 2010",394,1
"Obama 2010",395,-1
"Obama 2010",396,2
"Obama 2010",398,-1
"Obama 2010",401,2
"Obama 2010",404,3
"Obama 2010",405,-4
"Obama 2010",406,-2
"Obama 2010",413,2
"Obama 2010",414,1
"Obama 2010",415,-1
"Obama 2010",416,-1
"Obama 2010",421,3
"Obama 2010",423,7
"Obama 2011",4,0
"Obama 2011",6,-2
"Obama 2011",7,3
"Obama 2011",8,1
"Obama 2011",9,2
"Obama 2011",10,-2
"Obama 2011",11,4
"Obama 2011",13,9
"Obama 2011",17,2
"Obama 2011",20,3
"Obama 2011",21,2
"Obama 2011",23,4
"Obama 2011",26,1
"Obama 2011",28,0
"Obama 2011",29,-4
"Obama 2011",30,2
"Obama 2011",31,11
"Obama 2011",34,-1
"Obama 2011",38,1
"Obama 2011",39,3
"Obama 2011",40,0
"Obama 2011",41,6
"Obama 2011",46,1
"Obama 2011",53,3
"Obama 2011",59,-1
"Obama 2011",60,3
"Obama 2011",62,4
"Obama 2011",64,2
"Obama 2011",69,4
"Obama 2011",71,2
"Obama 2011",73,1
"Obama 2011",74,-3
"Obama 2011",79,-2
"Obama 2011",81,4
"Obama 2011",83,5
"Obama 2011",84,1
"Obama 2011",86,1
"Obama 2011",88,1
"Obama 2011",90,2
"Obama 2011",91,1
"Obama 2011",94,3
"Obama 2011",98,1
"Obama 2011",100,1
"Obama 2011",101,2
"Obama 2011",102,5
"Obama 2011",103,1
"Obama 2011",106,-3
"Obama 2011",107,-1
"Obama 2011",110,2
"Obama 2011",112,-1
"Obama 2011",113,0
"Obama 2011",117,1
"Obama 2011",118,-1
"Obama 2011",119,2
"Obama 2011",121,4
"Obama 2011",122,2
"Obama 2011",124,3
"Obama 2011",126,2
"Obama 2011",127,9
"Obama 2011",131,-2
"Obama 2011",132,-2
"Obama 2011",133,2
"Obama 2011",135,3
"Obama 2011",137,16
"Obama 2011",138,2
"Obama 2011",139,1
"Obama 2011",142,3
"Obama 2011",143,4
"Obama 2011",144,4
"Obama 2011",147,4
"Obama 2011",148,2
"Obama 2011",150,-3
"Obama 2011",153,-2
"Obama 2011",154,1
"Obama 2011",155,6
"Obama 2011",156,2
"Obama 2011",159,1
"Obama 2011",164,1
"Obama 2011",166,2
"Obama 2011",169,1
"Obama 2011",172,3
"Obama 2011",173,2
"Obama 2011",174,3
"Obama 2011",177,-2
"Obama 2011",179,1
"Obama 2011",181,-3
"Obama 2011",182,2
"Obama 2011",183,-1
"Obama 2011",185,1
"Obama 2011",186,-1
"Obama 2011",187,4
"Obama 2011",188,1
"Obama 2011",190,3
"Obama 2011",198,2
"Obama 2011",201,1
"Obama 2011",211,1
"Obama 2011",212,2
"Obama 2011",213,1
"Obama 2011",217,-2
"Obama 2011",222,3
"Obama 2011",223,3
"Obama 2011",224,3
"Obama 2011",225,3
"Obama 2011",227,2
"Obama 2011",228,-2
"Obama 2011",229,-1
"Obama 2011",231,3
"Obama 2011",232,-1
"Obama 2011",233,-4
"Obama 2011",234,-3
"Obama 2011",235,2
"Obama 2011",236,2
"Obama 2011",237,6
"Obama 2011",238,-2
"Obama 2011",239,-2
"Obama 2011",240,-1
"Obama 2011",242,2
"Obama 2011",243,-1
"Obama 2011",244,2
"Obama 2011",245,-2
"Obama 2011",246,-1
"Obama 2011",247,-5
"Obama 2011",252,-2
"Obama 2011",253,-1
"Obama 2011",254,-1
"Obama 2011",255,1
"Obama 2011",256,0
"Obama 2011",257,-1
"Obama 2011",258,-1
"Obama 2011",259,-1
"Obama 2011",260,-2
"Obama 2011",262,-1
"Obama 2011",263,1
"Obama 2011",265,1
"Obama 2011",266,5
"Obama 2011",267,-1
"Obama 2011",268,0
"Obama 2011",269,0
"Obama 2011",270,-2
"Obama 2011",271,5
"Obama 2011",272,-4
"Obama 2011",273,-1
"Obama 2011",275,6
"Obama 2011",277,3
"Obama 2011",280,3
"Obama 2011",282,2
"Obama 2011",283,4
"Obama 2011",287,3
"Obama 2011",289,2
"Obama 2011",291,-1
"Obama 2011",293,2
"Obama 2011",295,1
"Obama 2011",298,1
"Obama 2011",300,5
"Obama 2011",302,-2
"Obama 2011",305,-1
"Obama 2011",306,4
"Obama 2011",307,1
"Obama 2011",308,2
"Obama 2011",309,-4
"Obama 2011",311,2
"Obama 2011",312,-2
"Obama 2011",313,-1
"Obama 2011",315,1
"Obama 2011",316,-1
"Obama 2011",318,-1
"Obama 2011",319,3
"Obama 2011",321,2
"Obama 2011",323,-1
"Obama 2011",325,1
"Obama 2011",327,-3
"Obama 2011",328,2
"Obama 2011",331,0
"Obama 2011",332,4
"Obama 2011",333,1
"Obama 2011",334,2
"Obama 2011",336,3
"Obama 2011",338,-2
"Obama 2011",341,-5
"Obama 2011",343,1
"Obama 2011",344,4
"Obama 2011",345,4
"Obama 2011",346,-3
"Obama 2011",347,-1
"Obama 2011",348,3
"Obama 2011",349,7
"Obama 2011",354,6
"Obama 2011",356,-2
"Obama 2011",359,-1
"Obama 2011",362,-2
"Obama 2011",363,1
"Obama 2011",364,-3
"Obama 2011",365,-4
"Obama 2011",367,1
"Obama 2011",368,3
"Obama 2011",369,1
"Obama 2011",370,1
"Obama 2011",371,4
"Obama 2011",372,2
"Obama 2011",374,1
"Obama 2011",375,2
"Obama 2011",376,0
"Obama 2011",378,2
"Obama 2011",381,2
"Obama 2011",384,3
"Obama 2011",385,1
"Obama 2011",386,1
"Obama 2011",387,4
"Obama 2011",388,3
"Obama 2011",390,-2
"Obama 2011",391,1
"Obama 2011",393,1
"Obama 2011",396,4
"Obama 2011",398,7
"Obama 2012",3,2
"Obama 2012",4,2
"Obama 2012",5,5
"Obama 2012",7,-2
"Obama 2012",8,0
"Obama 2012",9,-1
"Obama 2012",10,2
"Obama 2012",16,2
"Obama 2012",17,1
"Obama 2012",20,1
"Obama 2012",21,2
"Obama 2012",23,3
"Obama 2012",24,5
"Obama 2012",25,2
"Obama 2012",26,-2
"Obama 2012",27,2
"Obama 2012",28,7
"Obama 2012",32,-2
"Obama 2012",33,-2
"Obama 2012",34,-2
"Obama 2012",35,-2
"Obama 2012",37,1
"Obama 2012",38,-3
"Obama 2012",39,-6
"Obama 2012",40,-3
"Obama 2012",41,-3
"Obama 2012",46,-2
"Obama 2012",47,-3
"Obama 2012",48,2
"Obama 2012",51,-4
"Obama 2012",52,-5
"Obama 2012",55,-2
"Obama 2012",56,-3
"Obama 2012",57,-2
"Obama 2012",58,-1
"Obama 2012",61,2
"Obama 2012",75,3
"Obama 2012",85,2
"Obama 2012",86,-1
"Obama 2012",88,-1
"Obama 2012",90,-1
"Obama 2012",91,3
"Obama 2012",101,-1
"Obama 2012",104,2
"Obama 2012",105,-5
"Obama 2012",106,-1
"Obama 2012",107,2
"Obama 2012",108,5
"Obama 2012",109,1
"Obama 2012",110,1
"Obama 2012",117,2
"Obama 2012",118,3
"Obama 2012",122,-3
"Obama 2012",123,-2
"Obama 2012",125,2
"Obama 2012",126,1
"Obama 2012",127,1
"Obama 2012",128,-1
"Obama 2012",129,4
"Obama 2012",130,2
"Obama 2012",132,-1
"Obama 2012",133,1
"Obama 2012",135,5
"Obama 2012",136,2
"Obama 2012",137,4
"Obama 2012",139,-1
"Obama 2012",141,-1
"Obama 2012",142,-4
"Obama 2012",143,3
"Obama 2012",144,1
"Obama 2012",152,-1
"Obama 2012",155,-2
"Obama 2012",156,-2
"Obama 2012",159,-3
"Obama 2012",161,-3
"Obama 2012",163,2
"Obama 2012",164,2
"Obama 2012",165,2
"Obama 2012",167,2
"Obama 2012",168,-1
"Obama 2012",169,0
"Obama 2012",170,1
"Obama 2012",172,2
"Obama 2012",173,-1
"Obama 2012",174,4
"Obama 2012",175,1
"Obama 2012",177,0
"Obama 2012",178,-4
"Obama 2012",180,4
"Obama 2012",181,5
"Obama 2012",182,5
"Obama 2012",183,1
"Obama 2012",188,2
"Obama 2012",189,1
"Obama 2012",190,1
"Obama 2012",191,2
"Obama 2012",193,-1
"Obama 2012",194,3
"Obama 2012",195,5
"Obama 2012",196,7
"Obama 2012",199,-1
"Obama 2012",201,-2
"Obama 2012",202,2
"Obama 2012",203,1
"Obama 2012",204,-2
"Obama 2012",205,3
"Obama 2012",207,0
"Obama 2012",210,2
"Obama 2012",211,2
"Obama 2012",213,1
"Obama 2012",214,1
"Obama 2012",215,3
"Obama 2012",218,2
"Obama 2012",219,4
"Obama 2012",220,1
"Obama 2012",221,-1
"Obama 2012",226,-1
"Obama 2012",227,3
"Obama 2012",228,-2
"Obama 2012",229,3
"Obama 2012",232,-5
"Obama 2012",234,-2
"Obama 2012",236,0
"Obama 2012",237,6
"Obama 2012",240,2
"Obama 2012",241,-2
"Obama 2012",242,2
"Obama 2012",246,2
"Obama 2012",247,-7
"Obama 2012",248,1
"Obama 2012",249,-2
"Obama 2012",250,2
"Obama 2012",252,2
"Obama 2012",253,-1
"Obama 2012",254,0
"Obama 2012",255,2
"Obama 2012",257,2
"Obama 2012",258,3
"Obama 2012",259,-3
"Obama 2012",261,3
"Obama 2012",262,1
"Obama 2012",263,-3
"Obama 2012",264,-2
"Obama 2012",266,-3
"Obama 2012",267,-6
"Obama 2012",268,-6
"Obama 2012",269,-4
"Obama 2012",270,-5
"Obama 2012",271,-3
"Obama 2012",272,4
"Obama 2012",273,-3
"Obama 2012",274,-1
"Obama 2012",275,-3
"Obama 2012",277,1
"Obama 2012",280,-2
"Obama 2012",282,-2
"Obama 2012",284,-2
"Obama 2012",285,-1
"Obama 2012",287,-1
"Obama 2012",288,4
"Obama 2012",289,-2
"Obama 2012",292,4
"Obama 2012",293,-1
"Obama 2012",295,-1
"Obama 2012",296,-1
"Obama 2012",299,-2
"Obama 2012",301,-2
"Obama 2012",302,-1
"Obama 2012",304,2
"Obama 2012",305,3
"Obama 2012",306,4
"Obama 2012",307,-2
"Obama 2012",310,3
"Obama 2012",311,-2
"Obama 2012",313,0
"Obama 2012",314,0
"Obama 2012",315,-3
"Obama 2012",316,5
"Obama 2012",317,0
"Obama 2012",318,-3
"Obama 2012",319,-1
"Obama 2012",320,-6
"Obama 2012",326,0
"Obama 2012",327,-1
"Obama 2012",334,4
"Obama 2012",336,-3
"Obama 2012",340,2
"Obama 2012",341,2
"Obama 2012",342,4
"Obama 2012",343,2
"Obama 2012",346,1
"Obama 2012",348,-4
"Obama 2012",349,1
"Obama 2012",350,0
"Obama 2012",352,-1
"Obama 2012",353,-1
"Obama 2012",354,-2
"Obama 2012",355,-2
"Obama 2012",357,-3
"Obama 2012",358,-1
"Obama 2012",359,1
"Obama 2012",361,-5
"Obama 2012",363,6
"Obama 2012",364,-1
"Obama 2012",367,-1
"Obama 2012",368,-1
"Obama 2012",369,0
"Obama 2012",370,2
"Obama 2012",373,2
"Obama 2012",375,2
"Obama 2012",376,3
"Obama 2012",377,-2
"Obama 2012",379,2
"Obama 2012",385,1
"Obama 2012",386,2
"Obama 2012",388,5
"Obama 2012",390,2
"Obama 2012",391,2
"Obama 2012",392,2
"Obama 2012",395,2
"Obama 2012",396,-3
"Obama 2012",397,-1
"Obama 2012",400,1
"Obama 2012",401,1
"Obama 2012",406,-4
"Obama 2012",407,2
"Obama 2012",408,-3
"Obama 2012",412,3
"Obama 2012",413,3
"Obama 2012",414,4
"Obama 2012",415,1
"Obama 2012",416,6
"Obama 2012",417,7
"Obama 2013",5,2
"Obama 2013",6,2
"Obama 2013",7,2
"Obama 2013",8,0
"Obama 2013",9,-2
"Obama 2013",11,4
"Obama 2013",12,2
"Obama 2013",13,1
"Obama 2013",16,4
"Obama 2013",17,7
"Obama 2013",18,10
"Obama 2013",19,-1
"Obama 2013",20,1
"Obama 2013",21,1
"Obama 2013",23,2
"Obama 2013",24,3
"Obama 2013",25,-3
"Obama 2013",26,-2
"Obama 2013",29,1
"Obama 2013",30,-3
"Obama 2013",31,-2
"Obama 2013",33,-3
"Obama 2013",34,-1
"Obama 2013",35,-3
"Obama 2013",36,0
"Obama 2013",37,6
"Obama 2013",38,-2
"Obama 2013",39,0
"Obama 2013",40,-1
"Obama 2013",41,2
"Obama 2013",43,3
"Obama 2013",44,8
"Obama 2013",47,2
"Obama 2013",48,1
"Obama 2013",49,2
"Obama 2013",50,0
"Obama 2013",51,1
"Obama 2013",52,2
"Obama 2013",53,-2
"Obama 2013",54,3
"Obama 2013",55,6
"Obama 2013",57,1
"Obama 2013",60,1
"Obama 2013",61,-1
"Obama 2013",63,-5
"Obama 2013",64,-1
"Obama 2013",66,0
"Obama 2013",68,2
"Obama 2013",69,-4
"Obama 2013",70,-1
"Obama 2013",71,-1
"Obama 2013",72,4
"Obama 2013",73,1
"Obama 2013",75,-1
"Obama 2013",79,1
"Obama 2013",80,-1
"Obama 2013",81,4
"Obama 2013",89,1
"Obama 2013",93,1
"Obama 2013",98,2
"Obama 2013",99,2
"Obama 2013",101,1
"Obama 2013",102,-2
"Obama 2013",104,3
"Obama 2013",105,1
"Obama 2013",106,-4
"Obama 2013",107,-1
"Obama 2013",108,2
"Obama 2013",110,1
"Obama 2013",111,-5
"Obama 2013",113,11
"Obama 2013",114,1
"Obama 2013",115,1
"Obama 2013",117,2
"Obama 2013",122,2
"Obama 2013",123,6
"Obama 2013",124,2
"Obama 2013",125,-1
"Obama 2013",127,8
"Obama 2013",129,4
"Obama 2013",131,1
"Obama 2013",132,-3
"Obama 2013",134,2
"Obama 2013",135,-3
"Obama 2013",141,-1
"Obama 2013",142,1
"Obama 2013",143,1
"Obama 2013",146,1
"Obama 2013",149,1
"Obama 2013",150,-2
"Obama 2013",153,6
"Obama 2013",154,2
"Obama 2013",157,2
"Obama 2013",158,2
"Obama 2013",161,1
"Obama 2013",162,1
"Obama 2013",167,-4
"Obama 2013",170,-3
"Obama 2013",171,2
"Obama 2013",174,2
"Obama 2013",175,3
"Obama 2013",180,2
"Obama 2013",181,5
"Obama 2013",182,-2
"Obama 2013",183,2
"Obama 2013",185,3
"Obama 2013",186,-2
"Obama 2013",187,1
"Obama 2013",193,2
"Obama 2013",194,4
"Obama 2013",195,4
"Obama 2013",198,2
"Obama 2013",199,0
"Obama 2013",200,3
"Obama 2013",201,1
"Obama 2013",203,2
"Obama 2013",205,2
"Obama 2013",208,2
"Obama 2013",209,-1
"Obama 2013",210,-1
"Obama 2013",211,-3
"Obama 2013",213,3
"Obama 2013",215,8
"Obama 2013",217,-1
"Obama 2013",218,-2
"Obama 2013",220,-1
"Obama 2013",223,-1
"Obama 2013",226,-1
"Obama 2013",227,1
"Obama 2013",228,-1
"Obama 2013",229,2
"Obama 2013",230,2
"Obama 2013",231,2
"Obama 2013",234,1
"Obama 2013",236,8
"Obama 2013",237,2
"Obama 2013",239,2
"Obama 2013",240,2
"Obama 2013",241,2
"Obama 2013",242,5
"Obama 2013",244,2
"Obama 2013",245,2
"Obama 2013",246,2
"Obama 2013",247,2
"Obama 2013",249,-2
"Obama 2013",250,5
"Obama 2013",251,-1
"Obama 2013",252,-1
"Obama 2013",253,2
"Obama 2013",254,-2
"Obama 2013",255,-2
"Obama 2013",256,-1
"Obama 2013",257,-2
"Obama 2013",258,-1
"Obama 2013",259,1
"Obama 2013",262,-1
"Obama 2013",264,-1
"Obama 2013",266,0
"Obama 2013",267,0
"Obama 2013",268,5
"Obama 2013",269,-2
"Obama 2013",270,-2
"Obama 2013",272,-2
"Obama 2013",273,-2
"Obama 2013",274,3
"Obama 2013",275,4
"Obama 2013",277,1
"Obama 2013",278,4
"Obama 2013",279,10
"Obama 2013",280,4
"Obama 2013",282,10
"Obama 2013",283,2
"Obama 2013",284,5
"Obama 2013",286,4
"Obama 2013",287,3
"Obama 2013",289,1
"Obama 2013",290,4
"Obama 2013",292,4
"Obama 2013",293,1
"Obama 2013",294,-1
"Obama 2013",295,4
"Obama 2013",296,-1
"Obama 2013",297,6
"Obama 2013",302,2
"Obama 2013",303,2
"Obama 2013",305,-4
"Obama 2013",306,2
"Obama 2013",307,2
"Obama 2013",308,2
"Obama 2013",310,-1
"Obama 2013",311,2
"Obama 2013",313,-4
"Obama 2013",315,-4
"Obama 2013",316,-4
"Obama 2013",317,-4
"Obama 2013",321,-2
"Obama 2013",322,-3
"Obama 2013",324,3
"Obama 2013",326,3
"Obama 2013",328,-3
"Obama 2013",329,-6
"Obama 2013",332,2
"Obama 2013",336,-4
"Obama 2013",338,-4
"Obama 2013",339,4
"Obama 2013",340,3
"Obama 2013",341,2
"Obama 2013",345,-1
"Obama 2013",346,5
"Obama 2013",349,-4
"Obama 2013",350,2
"Obama 2013",351,2
"Obama 2013",352,2
"Obama 2013",354,-1
"Obama 2013",355,2
"Obama 2013",359,3
"Obama 2013",360,1
"Obama 2013",363,5
"Obama 2013",365,7
"Obama 2014",6,2
"Obama 2014",7,3
"Obama 2014",9,0
"Obama 2014",10,-4
"Obama 2014",11,2
"Obama 2014",12,-4
"Obama 2014",14,3
"Obama 2014",15,3
"Obama 2014",16,2
"Obama 2014",18,2
"Obama 2014",19,-1
"Obama 2014",20,2
"Obama 2014",22,-3
"Obama 2014",23,-3
"Obama 2014",24,2
"Obama 2014",26,2
"Obama 2014",27,3
"Obama 2014",29,4
"Obama 2014",30,4
"Obama 2014",33,-2
"Obama 2014",34,-1
"Obama 2014",37,1
"Obama 2014",38,6
"Obama 2014",39,2
"Obama 2014",41,3
"Obama 2014",42,3
"Obama 2014",43,4
"Obama 2014",46,4
"Obama 2014",47,3
"Obama 2014",48,1
"Obama 2014",50,-2
"Obama 2014",51,3
"Obama 2014",53,3
"Obama 2014",54,2
"Obama 2014",55,2
"Obama 2014",56,5
"Obama 2014",58,1
"Obama 2014",60,0
"Obama 2014",63,2
"Obama 2014",64,1
"Obama 2014",66,-2
"Obama 2014",67,2
"Obama 2014",68,2
"Obama 2014",76,3
"Obama 2014",78,1
"Obama 2014",81,-1
"Obama 2014",82,2
"Obama 2014",83,0
"Obama 2014",84,2
"Obama 2014",86,1
"Obama 2014",87,1
"Obama 2014",88,1
"Obama 2014",89,0
"Obama 2014",90,4
"Obama 2014",91,2
"Obama 2014",92,1
"Obama 2014",94,3
"Obama 2014",95,1
"Obama 2014",96,2
"Obama 2014",97,1
"Obama 2014",98,2
"Obama 2014",99,1
"Obama 2014",100,-4
"Obama 2014",101,-1
"Obama 2014",102,2
"Obama 2014",105,1
"Obama 2014",106,2
"Obama 2014",109,5
"Obama 2014",111,2
"Obama 2014",113,2
"Obama 2014",115,3
"Obama 2014",123,3
"Obama 2014",127,1
"Obama 2014",128,-1
"Obama 2014",132,0
"Obama 2014",134,2
"Obama 2014",135,-1
"Obama 2014",136,-5
"Obama 2014",138,2
"Obama 2014",139,4
"Obama 2014",140,2
"Obama 2014",141,3
"Obama 2014",142,2
"Obama 2014",143,4
"Obama 2014",145,2
"Obama 2014",146,6
"Obama 2014",147,2
"Obama 2014",148,3
"Obama 2014",152,9
"Obama 2014",156,2
"Obama 2014",157,0
"Obama 2014",158,-1
"Obama 2014",159,1
"Obama 2014",160,2
"Obama 2014",161,0
"Obama 2014",168,2
"Obama 2014",173,0
"Obama 2014",176,-2
"Obama 2014",177,2
"Obama 2014",178,2
"Obama 2014",179,2
"Obama 2014",181,-4
"Obama 2014",182,-1
"Obama 2014",184,-4
"Obama 2014",186,-3
"Obama 2014",187,2
"Obama 2014",189,-1
"Obama 2014",190,2
"Obama 2014",192,0
"Obama 2014",196,2
"Obama 2014",198,1
"Obama 2014",200,3
"Obama 2014",201,3
"Obama 2014",202,2
"Obama 2014",204,2
"Obama 2014",206,1
"Obama 2014",207,-1
"Obama 2014",208,1
"Obama 2014",209,2
"Obama 2014",211,1
"Obama 2014",215,1
"Obama 2014",219,3
"Obama 2014",220,2
"Obama 2014",221,2
"Obama 2014",222,1
"Obama 2014",223,4
"Obama 2014",224,2
"Obama 2014",229,2
"Obama 2014",230,-5
"Obama 2014",231,5
"Obama 2014",232,2
"Obama 2014",233,2
"Obama 2014",234,-3
"Obama 2014",238,-2
"Obama 2014",239,-2
"Obama 2014",241,1
"Obama 2014",242,4
"Obama 2014",246,-5
"Obama 2014",247,-3
"Obama 2014",249,1
"Obama 2014",250,1
"Obama 2014",251,0
"Obama 2014",253,2
"Obama 2014",261,-1
"Obama 2014",265,2
"Obama 2014",268,2
"Obama 2014",269,1
"Obama 2014",270,2
"Obama 2014",272,2
"Obama 2014",274,2
"Obama 2014",276,-6
"Obama 2014",277,0
"Obama 2014",278,-1
"Obama 2014",279,-2
"Obama 2014",280,2
"Obama 2014",282,2
"Obama 2014",286,2
"Obama 2014",287,-2
"Obama 2014",288,3
"Obama 2014",289,1
"Obama 2014",290,1
"Obama 2014",291,-2
"Obama 2014",292,-2
"Obama 2014",294,1
"Obama 2014",295,-2
"Obama 2014",296,1
"Obama 2014",297,3
"Obama 2014",298,5
"Obama 2014",299,-1
"Obama 2014",300,-2
"Obama 2014",301,0
"Obama 2014",302,-2
"Obama 2014",303,-2
"Obama 2014",304,-1
"Obama 2014",305,0
"Obama 2014",306,-4
"Obama 2014",307,2
"Obama 2014",308,0
"Obama 2014",309,-6
"Obama 2014",310,-1
"Obama 2014",311,-4
"Obama 2014",312,1
"Obama 2014",313,2
"Obama 2014",315,1
"Obama 2014",316,-1
"Obama 2014",317,2
"Obama 2014",318,-1
"Obama 2014",320,1
"Obama 2014",321,1
"Obama 2014",322,1
"Obama 2014",323,1
"Obama 2014",325,6
"Obama 2014",326,2
"Obama 2014",327,-3
"Obama 2014",328,2
"Obama 2014",329,2
"Obama 2014",330,0
"Obama 2014",331,7
"Obama 2014",332,4
"Obama 2014",333,2
"Obama 2014",334,0
"Obama 2014",335,2
"Obama 2014",336,-1
"Obama 2014",338,5
"Obama 2014",339,1
"Obama 2014",340,2
"Obama 2014",347,-2
"Obama 2014",349,0
"Obama 2014",350,0
"Obama 2014",352,7
"Obama 2014",354,2
"Obama 2014",356,6
"Obama 2014",358,-4
"Obama 2014",363,-3
"Obama 2014",364,4
"Obama 2014",367,1
"Obama 2014",368,3
"Obama 2014",372,1
"Obama 2014",373,3
"Obama 2014",374,-6
"Obama 2014",375,5
"Obama 2014",376,9
"Obama 2014",377,1
"Obama 2014",379,7
"Obama 2015",5,-9
"Obama 2015",6,-1
"Obama 2015",8,4
"Obama 2015",9,-5
"Obama 2015",12,1
"Obama 2015",13,-1
"Obama 2015",16,3
"Obama 2015",17,3
"Obama 2015",18,-2
"Obama 2015",19,-1
"Obama 2015",21,1
"Obama 2015",22,3
"Obama 2015",23,-7
"Obama 2015",24,-1
"Obama 2015",35,3
"Obama 2015",38,-6
"Obama 2015",46,4
"Obama 2015",47,1
"Obama 2015",48,1
"Obama 2015",50,-1
"Obama 2015",52,-4
"Obama 2015",53,2
"Obama 2015",56,1
"Obama 2015",60,2
"Obama 2015",61,2
"Obama 2015",65,-2
"Obama 2015",66,-3
"Obama 2015",67,2
"Obama 2015",68,1
"Obama 2015",69,2
"Obama 2015",70,3
"Obama 2015",71,0
"Obama 2015",73,2
"Obama 2015",75,-2
"Obama 2015",76,-4
"Obama 2015",79,1
"Obama 2015",81,-1
"Obama 2015",82,2
"Obama 2015",83,-2
"Obama 2015",84,3
"Obama 2015",86,0
"Obama 2015",87,1
"Obama 2015",89,-1
"Obama 2015",90,4
"Obama 2015",91,-1
"Obama 2015",92,1
"Obama 2015",93,5
"Obama 2015",94,5
"Obama 2015",96,4
"Obama 2015",97,4
"Obama 2015",100,-4
"Obama 2015",102,3
"Obama 2015",103,-1
"Obama 2015",104,-1
"Obama 2015",106,-2
"Obama 2015",107,-2
"Obama 2015",109,-2
"Obama 2015",110,0
"Obama 2015",111,0
"Obama 2015",112,-1
"Obama 2015",114,2
"Obama 2015",115,2
"Obama 2015",120,2
"Obama 2015",122,1
"Obama 2015",124,3
"Obama 2015",125,2
"Obama 2015",126,-2
"Obama 2015",130,1
"Obama 2015",133,2
"Obama 2015",136,1
"Obama 2015",137,3
"Obama 2015",138,2
"Obama 2015",143,0
"Obama 2015",146,1
"Obama 2015",147,1
"Obama 2015",149,-5
"Obama 2015",150,3
"Obama 2015",151,6
"Obama 2015",152,3
"Obama 2015",153,3
"Obama 2015",154,0
"Obama 2015",156,3
"Obama 2015",159,1
"Obama 2015",166,2
"Obama 2015",167,2
"Obama 2015",168,1
"Obama 2015",170,2
"Obama 2015",173,2
"Obama 2015",175,-1
"Obama 2015",176,1
"Obama 2015",177,-2
"Obama 2015",181,7
"Obama 2015",183,-1
"Obama 2015",185,2
"Obama 2015",190,2
"Obama 2015",191,-1
"Obama 2015",193,4
"Obama 2015",194,4
"Obama 2015",195,1
"Obama 2015",197,6
"Obama 2015",199,2
"Obama 2015",200,2
"Obama 2015",202,-1
"Obama 2015",203,3
"Obama 2015",204,-3
"Obama 2015",205,3
"Obama 2015",206,2
"Obama 2015",207,3
"Obama 2015",210,4
"Obama 2015",211,-1
"Obama 2015",212,2
"Obama 2015",213,2
"Obama 2015",214,6
"Obama 2015",216,2
"Obama 2015",218,1
"Obama 2015",220,-6
"Obama 2015",221,-2
"Obama 2015",222,4
"Obama 2015",223,3
"Obama 2015",226,1
"Obama 2015",227,-2
"Obama 2015",228,-2
"Obama 2015",229,3
"Obama 2015",230,-3
"Obama 2015",231,-1
"Obama 2015",232,-8
"Obama 2015",233,-5
"Obama 2015",237,1
"Obama 2015",238,1
"Obama 2015",239,2
"Obama 2015",240,-1
"Obama 2015",241,-2
"Obama 2015",242,0
"Obama 2015",244,2
"Obama 2015",245,2
"Obama 2015",249,-1
"Obama 2015",250,1
"Obama 2015",253,2
"Obama 2015",254,0
"Obama 2015",256,3
"Obama 2015",257,2
"Obama 2015",258,4
"Obama 2015",259,-1
"Obama 2015",260,0
"Obama 2015",262,0
"Obama 2015",263,0
"Obama 2015",265,-2
"Obama 2015",266,-4
"Obama 2015",267,-3
"Obama 2015",269,-3
"Obama 2015",270,3
"Obama 2015",271,1
"Obama 2015",272,2
"Obama 2015",273,1
"Obama 2015",274,-2
"Obama 2015",275,1
"Obama 2015",277,-2
"Obama 2015",280,3
"Obama 2015",281,-3
"Obama 2015",282,-2
"Obama 2015",284,-1
"Obama 2015",287,2
"Obama 2015",288,0
"Obama 2015",289,1
"Obama 2015",290,5
"Obama 2015",292,-8
"Obama 2015",293,-1
"Obama 2015",294,4
"Obama 2015",295,-3
"Obama 2015",297,4
"Obama 2015",298,-6
"Obama 2015",299,-1
"Obama 2015",304,3
"Obama 2015",306,-2
"Obama 2015",307,4
"Obama 2015",308,2
"Obama 2015",309,2
"Obama 2015",311,1
"Obama 2015",312,12
"Obama 2015",313,1
"Obama 2015",314,-1
"Obama 2015",315,1
"Obama 2015",316,-2
"Obama 2015",317,-2
"Obama 2015",319,3
"Obama 2015",321,2
"Obama 2015",322,-2
"Obama 2015",323,3
"Obama 2015",324,3
"Obama 2015",325,6
"Obama 2015",327,2
"Obama 2015",330,3
"Obama 2015",332,-3
"Obama 2015",334,-1
"Obama 2015",336,-3
"Obama 2015",337,4
"Obama 2015",338,4
"Obama 2015",339,7
"Obama 2015",340,2
"Obama 2015",342,1
"Obama 2015",343,2
"Obama 2015",347,1
"Obama 2015",349,1
"Obama 2015",354,2
"Obama 2015",358,3
"Obama 2015",360,3
"Obama 2015",361,3
"Obama 2015",362,3
"Obama 2015",363,2
"Obama 2015",364,7
"Obama 2015",365,6
"Obama 2015",366,1
"Obama 2015",367,3
"Obama 2015",368,4
"Obama 2015",369,1
"Obama 2015",370,2
"Obama 2015",371,-1
"Obama 2015",377,3
"Obama 2015",378,6
"Obama 2016",11,-1
"Obama 2016",12,-3
"Obama 2016",14,1
"Obama 2016",15,-1
"Obama 2016",16,-5
"Obama 2016",17,0
"Obama 2016",24,3
"Obama 2016",25,1
"Obama 2016",26,2
"Obama 2016",28,4
"Obama 2016",29,-2
"Obama 2016",33,1
"Obama 2016",34,2
"Obama 2016",35,4
"Obama 2016",36,6
"Obama 2016",37,3
"Obama 2016",38,-6
"Obama 2016",39,2
"Obama 2016",40,4
"Obama 2016",41,7
"Obama 2016",42,2
"Obama 2016",45,-2
"Obama 2016",46,2
"Obama 2016",47,1
"Obama 2016",48,4
"Obama 2016",49,0
"Obama 2016",50,1
"Obama 2016",51,-3
"Obama 2016",52,3
"Obama 2016",54,1
"Obama 2016",57,-1
"Obama 2016",59,1
"Obama 2016",63,3
"Obama 2016",64,5
"Obama 2016",65,1
"Obama 2016",66,-2
"Obama 2016",67,-1
"Obama 2016",68,1
"Obama 2016",69,2
"Obama 2016",70,1
"Obama 2016",71,6
"Obama 2016",72,4
"Obama 2016",73,2
"Obama 2016",74,5
"Obama 2016",76,-3
"Obama 2016",78,3
"Obama 2016",79,-1
"Obama 2016",80,2
"Obama 2016",82,3
"Obama 2016",83,2
"Obama 2016",85,-3
"Obama 2016",87,-1
"Obama 2016",88,2
"Obama 2016",89,2
"Obama 2016",90,2
"Obama 2016",91,2
"Obama 2016",92,1
"Obama 2016",93,2
"Obama 2016",94,2
"Obama 2016",96,5
"Obama 2016",98,2
"Obama 2016",99,-1
"Obama 2016",100,0
"Obama 2016",101,-2
"Obama 2016",102,2
"Obama 2016",104,0
"Obama 2016",105,2
"Obama 2016",106,1
"Obama 2016",107,0
"Obama 2016",108,1
"Obama 2016",109,2
"Obama 2016",112,-1
"Obama 2016",113,2
"Obama 2016",116,4
"Obama 2016",117,1
"Obama 2016",118,-3
"Obama 2016",120,-1
"Obama 2016",124,3
"Obama 2016",127,2
"Obama 2016",128,3
"Obama 2016",129,-2
"Obama 2016",133,1
"Obama 2016",135,1
"Obama 2016",138,1
"Obama 2016",139,3
"Obama 2016",140,1
"Obama 2016",142,-1
"Obama 2016",143,2
"Obama 2016",146,1
"Obama 2016",150,4
"Obama 2016",151,-2
"Obama 2016",152,-1
"Obama 2016",153,2
"Obama 2016",154,2
"Obama 2016",156,-2
"Obama 2016",157,-1
"Obama 2016",158,4
"Obama 2016",159,-2
"Obama 2016",160,-3
"Obama 2016",161,-2
"Obama 2016",163,2
"Obama 2016",164,-1
"Obama 2016",167,2
"Obama 2016",168,4
"Obama 2016",171,2
"Obama 2016",173,0
"Obama 2016",174,3
"Obama 2016",176,2
"Obama 2016",178,2
"Obama 2016",182,2
"Obama 2016",183,-3
"Obama 2016",184,2
"Obama 2016",186,3
"Obama 2016",188,1
"Obama 2016",189,-7
"Obama 2016",190,-2
"Obama 2016",191,1
"Obama 2016",193,-4
"Obama 2016",194,1
"Obama 2016",197,-5
"Obama 2016",198,-2
"Obama 2016",199,-2
"Obama 2016",201,-3
"Obama 2016",202,-3
"Obama 2016",203,-2
"Obama 2016",205,0
"Obama 2016",206,-1
"Obama 2016",207,-3
"Obama 2016",209,-4
"Obama 2016",211,1
"Obama 2016",212,2
"Obama 2016",214,2
"Obama 2016",216,1
"Obama 2016",217,-5
"Obama 2016",219,0
"Obama 2016",220,-1
"Obama 2016",222,1
"Obama 2016",223,-5
"Obama 2016",224,-2
"Obama 2016",226,-3
"Obama 2016",227,2
"Obama 2016",230,2
"Obama 2016",231,1
"Obama 2016",232,-1
"Obama 2016",233,-1
"Obama 2016",234,-3
"Obama 2016",235,-1
"Obama 2016",236,4
"Obama 2016",237,2
"Obama 2016",238,1
"Obama 2016",239,4
"Obama 2016",241,2
"Obama 2016",242,1
"Obama 2016",246,-1
"Obama 2016",248,3
"Obama 2016",249,-2
"Obama 2016",251,-3
"Obama 2016",254,3
"Obama 2016",255,2
"Obama 2016",256,0
"Obama 2016",259,4
"Obama 2016",260,2
"Obama 2016",262,2
"Obama 2016",263,-2
"Obama 2016",264,-2
"Obama 2016",266,-1
"Obama 2016",268,4
"Obama 2016",269,1
"Obama 2016",270,-3
"Obama 2016",271,-2
"Obama 2016",273,-2
"Obama 2016",276,-3
"Obama 2016",278,3
"Obama 2016",279,2
"Obama 2016",280,5
"Obama 2016",284,1
"Obama 2016",285,2
"Obama 2016",288,1
"Obama 2016",289,2
"Obama 2016",291,3
"Obama 2016",293,7
"Obama 2016",295,-5
"Obama 2016",296,0
"Obama 2016",298,1
"Obama 2016",300,-3
"Obama 2016",301,2
"Obama 2016",306,1
"Obama 2016",307,1
"Obama 2016",308,-2
"Obama 2016",317,-1
"Obama 2016",320,-1
"Obama 2016",321,-2
"Obama 2016",323,0
"Obama 2016",324,-2
"Obama 2016",328,-1
"Obama 2016",329,3
"Obama 2016",332,-4
"Obama 2016",333,4
"Obama 2016",334,1
"Obama 2016",335,-1
"Obama 2016",336,9
"Obama 2016",337,1
"Obama 2016",339,3
"Obama 2016",347,-5
"Obama 2016",348,2
"Obama 2016",349,8
"Obama 2016",350,4
"Obama 2016",351,5
"Obama 2016",353,2
"Obama 2016",355,4
"Obama 2016",356,5
"Obama 2016",357,2
"Obama 2016",359,4
"Obama 2016",361,3
"Obama 2016",362,4
"Trump 2017",4,1
"Trump 2017",5,-10
"Trump 2017",6,2
"Trump 2017",8,2
"Trump 2017",11,3
"Trump 2017",12,1
"Trump 2017",14,5
"Trump 2017",15,4
"Trump 2017",16,3
"Trump 2017",17,1
"Trump 2017",18,1
"Trump 2017",19,-2
"Trump 2017",20,3
"Trump 2017",23,-3
"Trump 2017",25,0
"Trump 2017",27,0
"Trump 2017",28,3
"Trump 2017",30,2
"Trump 2017",31,2
"Trump 2017",32,3
"Trump 2017",33,-4
"Trump 2017",34,3
"Trump 2017",35,1
"Trump 2017",36,2
"Trump 2017",37,3
"Trump 2017",38,1
"Trump 2017",39,2
"Trump 2017",40,2
"Trump 2017",42,-3
"Trump 2017",44,-2
"Trump 2017",45,-1
"Trump 2017",46,-1
"Trump 2017",47,0
"Trump 2017",48,1
"Trump 2017",50,-2
"Trump 2017",51,2
"Trump 2017",52,-3
"Trump 2017",53,-3
"Trump 2017",54,-3
"Trump 2017",56,2
"Trump 2017",57,-2
"Trump 2017",58,3
"Trump 2017",59,6
"Trump 2017",60,-5
"Trump 2017",61,-2
"Trump 2017",62,1
"Trump 2017",63,2
"Trump 2017",64,3
"Trump 2017",65,2
"Trump 2017",66,-1
"Trump 2017",67,-1
"Trump 2017",68,0
"Trump 2017",69,8
"Trump 2017",72,1
"Trump 2017",73,-2
"Trump 2017",74,-5
"Trump 2017",75,1
"Trump 2017",76,4
"Trump 2017",77,2
"Trump 2017",79,5
"Trump 2017",81,2
"Trump 2017",84,-1
"Trump 2017",86,-3
"Trump 2017",87,-2
"Trump 2017",88,-4
"Trump 2017",89,-2
"Trump 2017",90,-4
"Trump 2017",91,-1
"Trump 2017",92,0
"Trump 2017",93,2
"Trump 2017",96,1
"Trump 2017",99,-1
"Trump 2017",101,3
"Trump 2017",102,2
"Trump 2017",105,3
"Trump 2017",107,-1
"Trump 2017",111,3
"Trump 2017",112,2
"Trump 2017",113,-4
"Trump 2017",115,5
"Trump 2017",116,2
"Trump 2017",119,1
"Trump 2017",120,0
"Trump 2017",122,2
"Trump 2017",123,-2
"Trump 2017",125,2
"Trump 2017",126,0
"Trump 2017",127,3
"Trump 2017",128,7
"Trump 2017",131,3
"Trump 2017",134,2
"Trump 2017",135,1
"Trump 2017",137,4
"Trump 2017",138,3
"Trump 2017",140,1
"Trump 2017",142,-4
"Trump 2017",143,-3
"Trump 2017",144,-3
"Trump 2017",148,0
"Trump 2017",149,-1
"Trump 2017",151,0
"Trump 2017",152,7
"Trump 2017",153,-1
"Trump 2017",155,2
"Trump 2017",156,6
"Trump 2017",157,2
"Trump 2017",158,-1
"Trump 2017",159,-1
"Trump 2017",160,0
"Trump 2017",161,1
"Trump 2017",162,6
"Trump 2017",163,5
"Trump 2017",164,8
"Trump 2017",165,2
"Trump 2017",166,2
"Trump 2017",167,-2
"Trump 2017",169,2
"Trump 2017",170,2
"Trump 2017",172,3
"Trump 2017",173,5
"Trump 2017",174,-2
"Trump 2017",178,-2
"Trump 2017",179,1
"Trump 2017",180,2
"Trump 2017",181,-4
"Trump 2017",182,3
"Trump 2017",185,-1
"Trump 2017",186,-4
"Trump 2017",187,-1
"Trump 2017",188,-2
"Trump 2017",190,4
"Trump 2017",192,1
"Trump 2017",196,0
"Trump 2017",197,2
"Trump 2017",198,-4
"Trump 2017",199,-3
"Trump 2017",200,-6
"Trump 2017",201,1
"Trump 2017",202,0
"Trump 2017",204,-5
"Trump 2017",205,3
"Trump 2017",206,2
"Trump 2017",207,3
"Trump 2017",213,-4
"Trump 2017",216,7
"Trump 2017",217,1
"Trump 2017",218,2
"Trump 2017",219,2
"Trump 2017",220,-1
"Trump 2017",221,3
"Trump 2017",223,1
"Trump 2017",225,6
"Trump 2017",226,2
"Trump 2017",229,-1
"Trump 2017",230,4
"Trump 2017",233,4
"Trump 2017",234,6
"Trump 2017",235,2
"Trump 2017",236,-1
"Trump 2017",237,4
"Trump 2017",238,4
"Trump 2017",239,2
"Trump 2017",240,-2
"Trump 2017",242,2
"Trump 2017",244,3
"Trump 2017",245,4
"Trump 2017",248,1
"Trump 2017",250,1
"Trump 2017",251,-2
"Trump 2017",252,-2
"Trump 2017",253,-5
"Trump 2017",254,0
"Trump 2017",255,2
"Trump 2017",256,-4
"Trump 2017",257,4
"Trump 2017",258,-2
"Trump 2017",259,-6
"Trump 2017",260,1
"Trump 2017",261,3
"Trump 2017",262,3
"Trump 2017",263,4
"Trump 2017",269,5
"Trump 2017",270,0
"Trump 2017",271,2
"Trump 2017",273,1
"Trump 2017",274,3
"Trump 2017",275,1
"Trump 2017",280,3
"Trump 2017",281,1
"Trump 2017",282,10
"Trump 2017",285,11
"Trump 2017",286,-2
"Trump 2017",287,2
"Trump 2017",288,6
"Trump 2017",291,7
